Value,Date
4.2363,01-01-2010
4.2363,02-01-2010
4.2363,03-01-2010
4.2253,04-01-2010
4.193,05-01-2010
4.1585,06-01-2010
4.1731,07-01-2010
4.1655,08-01-2010
4.1655,09-01-2010
4.1655,10-01-2010
4.1281,11-01-2010
4.1405,12-01-2010
4.1179,13-01-2010
4.1292,14-01-2010
4.1043,15-01-2010
4.1043,16-01-2010
4.1043,17-01-2010
4.1053,18-01-2010
4.1205,19-01-2010
4.1278,20-01-2010
4.1275,21-01-2010
4.1465,22-01-2010
4.1465,23-01-2010
4.1465,24-01-2010
4.1185,25-01-2010
4.1285,26-01-2010
4.1148,27-01-2010
4.136,28-01-2010
4.1055,29-01-2010
4.1055,30-01-2010
4.1055,31-01-2010
4.0863,01-02-2010
4.0915,02-02-2010
4.1005,03-02-2010
4.125,04-02-2010
4.1435,05-02-2010
4.1435,06-02-2010
4.1435,07-02-2010
4.137,08-02-2010
4.128,09-02-2010
4.118,10-02-2010
4.1045,11-02-2010
4.1268,12-02-2010
4.1268,13-02-2010
4.1268,14-02-2010
4.115,15-02-2010
4.1134,16-02-2010
4.1188,17-02-2010
4.1351,18-02-2010
4.131,19-02-2010
4.131,20-02-2010
4.131,21-02-2010
4.127,22-02-2010
4.1241,23-02-2010
4.126,24-02-2010
4.126,25-02-2010
4.1145,26-02-2010
4.1145,27-02-2010
4.1145,28-02-2010
4.111,01-03-2010
4.1066,02-03-2010
4.1005,03-03-2010
4.0885,04-03-2010
4.091,05-03-2010
4.091,06-03-2010
4.091,07-03-2010
4.09,08-03-2010
4.1,09-03-2010
4.095,10-03-2010
4.0953,11-03-2010
4.0915,12-03-2010
4.0915,13-03-2010
4.0915,14-03-2010
4.088,15-03-2010
4.0893,16-03-2010
4.0812,17-03-2010
4.0776,18-03-2010
4.082,19-03-2010
4.082,20-03-2010
4.082,21-03-2010
4.0915,22-03-2010
4.0725,23-03-2010
4.0685,24-03-2010
4.0633,25-03-2010
4.0718,26-03-2010
4.0718,27-03-2010
4.0718,28-03-2010
4.0682,29-03-2010
4.0715,30-03-2010
4.097,31-03-2010
4.1081,01-04-2010
4.1081,02-04-2010
4.1081,03-04-2010
4.1081,04-04-2010
4.1081,05-04-2010
4.094,06-04-2010
4.0943,07-04-2010
4.1185,08-04-2010
4.1423,09-04-2010
4.1423,10-04-2010
4.1423,11-04-2010
4.128,12-04-2010
4.139,13-04-2010
4.144,14-04-2010
4.1411,15-04-2010
4.1463,16-04-2010
4.1463,17-04-2010
4.1463,18-04-2010
4.1578,19-04-2010
4.147,20-04-2010
4.137,21-04-2010
4.1416,22-04-2010
4.124,23-04-2010
4.124,24-04-2010
4.124,25-04-2010
4.1178,26-04-2010
4.128,27-04-2010
4.137,28-04-2010
4.137,29-04-2010
4.13,30-04-2010
4.13,01-05-2010
4.13,02-05-2010
4.127,03-05-2010
4.142,04-05-2010
4.1713,05-05-2010
4.1805,06-05-2010
4.188,07-05-2010
4.188,08-05-2010
4.188,09-05-2010
4.1683,10-05-2010
4.1798,11-05-2010
4.174,12-05-2010
4.1805,13-05-2010
4.1845,14-05-2010
4.1845,15-05-2010
4.1845,16-05-2010
4.1926,17-05-2010
4.195,18-05-2010
4.1965,19-05-2010
4.2031,20-05-2010
4.195,21-05-2010
4.195,22-05-2010
4.195,23-05-2010
4.182,24-05-2010
4.1839,25-05-2010
4.1711,26-05-2010
4.1465,27-05-2010
4.1646,28-05-2010
4.1646,29-05-2010
4.1646,30-05-2010
4.1855,31-05-2010
4.1868,01-06-2010
4.1873,02-06-2010
4.19,03-06-2010
4.2135,04-06-2010
4.2135,05-06-2010
4.2135,06-06-2010
4.2359,07-06-2010
4.2165,08-06-2010
4.2157,09-06-2010
4.2203,10-06-2010
4.2193,11-06-2010
4.2193,12-06-2010
4.2193,13-06-2010
4.2275,14-06-2010
4.2358,15-06-2010
4.236,16-06-2010
4.2355,17-06-2010
4.24,18-06-2010
4.24,19-06-2010
4.24,20-06-2010
4.2315,21-06-2010
4.2315,22-06-2010
4.2235,23-06-2010
4.2375,24-06-2010
4.286,25-06-2010
4.286,26-06-2010
4.286,27-06-2010
4.3405,28-06-2010
4.3738,29-06-2010
4.37,30-06-2010
4.3442,01-07-2010
4.3013,02-07-2010
4.3013,03-07-2010
4.3013,04-07-2010
4.2527,05-07-2010
4.2361,06-07-2010
4.2318,07-07-2010
4.2273,08-07-2010
4.2373,09-07-2010
4.2373,10-07-2010
4.2373,11-07-2010
4.246,12-07-2010
4.2615,13-07-2010
4.2578,14-07-2010
4.2585,15-07-2010
4.2658,16-07-2010
4.2658,17-07-2010
4.2658,18-07-2010
4.273,19-07-2010
4.277,20-07-2010
4.261,21-07-2010
4.267,22-07-2010
4.2648,23-07-2010
4.2648,24-07-2010
4.2648,25-07-2010
4.2563,26-07-2010
4.2478,27-07-2010
4.2545,28-07-2010
4.2654,29-07-2010
4.2508,30-07-2010
4.2508,31-07-2010
4.2508,01-08-2010
4.2448,02-08-2010
4.241,03-08-2010
4.2562,04-08-2010
4.2538,05-08-2010
4.246,06-08-2010
4.246,07-08-2010
4.246,08-08-2010
4.2328,09-08-2010
4.2365,10-08-2010
4.238,11-08-2010
4.2375,12-08-2010
4.2303,13-08-2010
4.2303,14-08-2010
4.2303,15-08-2010
4.2313,16-08-2010
4.2383,17-08-2010
4.2385,18-08-2010
4.226,19-08-2010
4.227,20-08-2010
4.227,21-08-2010
4.227,22-08-2010
4.2238,23-08-2010
4.2418,24-08-2010
4.2405,25-08-2010
4.252,26-08-2010
4.2435,27-08-2010
4.2435,28-08-2010
4.2435,29-08-2010
4.2344,30-08-2010
4.2568,31-08-2010
4.2648,01-09-2010
4.2698,02-09-2010
4.2795,03-09-2010
4.2795,04-09-2010
4.2795,05-09-2010
4.2868,06-09-2010
4.2919,07-09-2010
4.2875,08-09-2010
4.282,09-09-2010
4.274,10-09-2010
4.274,11-09-2010
4.274,12-09-2010
4.2608,13-09-2010
4.2355,14-09-2010
4.2475,15-09-2010
4.2458,16-09-2010
4.258,17-09-2010
4.258,18-09-2010
4.258,19-09-2010
4.264,20-09-2010
4.2668,21-09-2010
4.259,22-09-2010
4.267,23-09-2010
4.2418,24-09-2010
4.2418,25-09-2010
4.2418,26-09-2010
4.243,27-09-2010
4.2685,28-09-2010
4.275,29-09-2010
4.2718,30-09-2010
4.2655,01-10-2010
4.2655,02-10-2010
4.2655,03-10-2010
4.2759,04-10-2010
4.278,05-10-2010
4.272,06-10-2010
4.2648,07-10-2010
4.2643,08-10-2010
4.2643,09-10-2010
4.2643,10-10-2010
4.2668,11-10-2010
4.2743,12-10-2010
4.2773,13-10-2010
4.2799,14-10-2010
4.2765,15-10-2010
4.2765,16-10-2010
4.2765,17-10-2010
4.2815,18-10-2010
4.298,19-10-2010
4.3068,20-10-2010
4.3152,21-10-2010
4.3013,22-10-2010
4.3013,23-10-2010
4.3013,24-10-2010
4.268,25-10-2010
4.275,26-10-2010
4.2762,27-10-2010
4.2698,28-10-2010
4.2663,29-10-2010
4.2663,30-10-2010
4.2663,31-10-2010
4.2825,01-11-2010
4.288,02-11-2010
4.2978,03-11-2010
4.2848,04-11-2010
4.291,05-11-2010
4.291,06-11-2010
4.291,07-11-2010
4.2875,08-11-2010
4.285,09-11-2010
4.2777,10-11-2010
4.2865,11-11-2010
4.295,12-11-2010
4.295,13-11-2010
4.295,14-11-2010
4.294,15-11-2010
4.2925,16-11-2010
4.2965,17-11-2010
4.298,18-11-2010
4.298,19-11-2010
4.298,20-11-2010
4.298,21-11-2010
4.2973,22-11-2010
4.3113,23-11-2010
4.306,24-11-2010
4.2995,25-11-2010
4.3125,26-11-2010
4.3125,27-11-2010
4.3125,28-11-2010
4.2943,29-11-2010
4.2925,30-11-2010
4.2973,01-12-2010
4.3036,02-12-2010
4.3073,03-12-2010
4.3073,04-12-2010
4.3073,05-12-2010
4.306,06-12-2010
4.3005,07-12-2010
4.3005,08-12-2010
4.3007,09-12-2010
4.295,10-12-2010
4.295,11-12-2010
4.295,12-12-2010
4.2925,13-12-2010
4.2915,14-12-2010
4.2885,15-12-2010
4.293,16-12-2010
4.2935,17-12-2010
4.2935,18-12-2010
4.2935,19-12-2010
4.2915,20-12-2010
4.2888,21-12-2010
4.2853,22-12-2010
4.2888,23-12-2010
4.2878,24-12-2010
4.2878,25-12-2010
4.2878,26-12-2010
4.2884,27-12-2010
4.289,28-12-2010
4.2986,29-12-2010
4.2873,30-12-2010
4.262,31-12-2010
4.262,01-01-2011
4.262,02-01-2011
4.2725,03-01-2011
4.2676,04-01-2011
4.27,05-01-2011
4.2575,06-01-2011
4.2583,07-01-2011
4.2583,08-01-2011
4.2583,09-01-2011
4.2638,10-01-2011
4.258,11-01-2011
4.2525,12-01-2011
4.2583,13-01-2011
4.2652,14-01-2011
4.2652,15-01-2011
4.2652,16-01-2011
4.2588,17-01-2011
4.258,18-01-2011
4.2595,19-01-2011
4.2681,20-01-2011
4.2628,21-01-2011
4.2628,22-01-2011
4.2628,23-01-2011
4.2665,24-01-2011
4.2605,25-01-2011
4.27,26-01-2011
4.267,27-01-2011
4.2574,28-01-2011
4.2574,29-01-2011
4.2574,30-01-2011
4.259,31-01-2011
4.258,01-02-2011
4.258,02-02-2011
4.263,03-02-2011
4.264,04-02-2011
4.264,05-02-2011
4.264,06-02-2011
4.259,07-02-2011
4.255,08-02-2011
4.2565,09-02-2011
4.2645,10-02-2011
4.2583,11-02-2011
4.2583,12-02-2011
4.2583,13-02-2011
4.249,14-02-2011
4.2518,15-02-2011
4.2492,16-02-2011
4.248,17-02-2011
4.242,18-02-2011
4.242,19-02-2011
4.242,20-02-2011
4.2328,21-02-2011
4.229,22-02-2011
4.2253,23-02-2011
4.232,24-02-2011
4.2125,25-02-2011
4.2125,26-02-2011
4.2125,27-02-2011
4.2057,28-02-2011
4.212,01-03-2011
4.203,02-03-2011
4.2045,03-03-2011
4.206,04-03-2011
4.206,05-03-2011
4.206,06-03-2011
4.2005,07-03-2011
4.1895,08-03-2011
4.1902,09-03-2011
4.192,10-03-2011
4.1883,11-03-2011
4.1883,12-03-2011
4.1883,13-03-2011
4.1838,14-03-2011
4.1808,15-03-2011
4.1788,16-03-2011
4.18,17-03-2011
4.1705,18-03-2011
4.1705,19-03-2011
4.1705,20-03-2011
4.161,21-03-2011
4.1288,22-03-2011
4.1165,23-03-2011
4.102,24-03-2011
4.082,25-03-2011
4.082,26-03-2011
4.082,27-03-2011
4.111,28-03-2011
4.1225,29-03-2011
4.1035,30-03-2011
4.1221,31-03-2011
4.142,01-04-2011
4.142,02-04-2011
4.142,03-04-2011
4.1308,04-04-2011
4.1166,05-04-2011
4.1005,06-04-2011
4.1125,07-04-2011
4.1118,08-04-2011
4.1118,09-04-2011
4.1118,10-04-2011
4.11,11-04-2011
4.115,12-04-2011
4.111,13-04-2011
4.1038,14-04-2011
4.0958,15-04-2011
4.0958,16-04-2011
4.0958,17-04-2011
4.09,18-04-2011
4.0885,19-04-2011
4.0873,20-04-2011
4.0868,21-04-2011
4.0868,22-04-2011
4.0868,23-04-2011
4.0868,24-04-2011
4.0868,25-04-2011
4.0725,26-04-2011
4.0736,27-04-2011
4.081,28-04-2011
4.078,29-04-2011
4.078,30-04-2011
4.078,01-05-2011
4.0935,02-05-2011
4.108,03-05-2011
4.11,04-05-2011
4.1105,05-05-2011
4.1188,06-05-2011
4.1188,07-05-2011
4.1188,08-05-2011
4.0998,09-05-2011
4.0888,10-05-2011
4.0918,11-05-2011
4.1155,12-05-2011
4.115,13-05-2011
4.115,14-05-2011
4.115,15-05-2011
4.106,16-05-2011
4.1115,17-05-2011
4.1191,18-05-2011
4.1163,19-05-2011
4.1125,20-05-2011
4.1125,21-05-2011
4.1125,22-05-2011
4.1205,23-05-2011
4.1218,24-05-2011
4.1345,25-05-2011
4.134,26-05-2011
4.132,27-05-2011
4.132,28-05-2011
4.132,29-05-2011
4.1235,30-05-2011
4.128,31-05-2011
4.1305,01-06-2011
4.1355,02-06-2011
4.1319,03-06-2011
4.1319,04-06-2011
4.1319,05-06-2011
4.1375,06-06-2011
4.154,07-06-2011
4.1748,08-06-2011
4.163,09-06-2011
4.156,10-06-2011
4.156,11-06-2011
4.156,12-06-2011
4.1868,13-06-2011
4.1725,14-06-2011
4.172,15-06-2011
4.2405,16-06-2011
4.227,17-06-2011
4.227,18-06-2011
4.227,19-06-2011
4.271,20-06-2011
4.2355,21-06-2011
4.2371,22-06-2011
4.226,23-06-2011
4.224,24-06-2011
4.224,25-06-2011
4.224,26-06-2011
4.222,27-06-2011
4.2105,28-06-2011
4.2105,29-06-2011
4.2435,30-06-2011
4.2396,01-07-2011
4.2396,02-07-2011
4.2396,03-07-2011
4.2237,04-07-2011
4.1805,05-07-2011
4.2105,06-07-2011
4.2068,07-07-2011
4.201,08-07-2011
4.201,09-07-2011
4.201,10-07-2011
4.2298,11-07-2011
4.2828,12-07-2011
4.2955,13-07-2011
4.2743,14-07-2011
4.2633,15-07-2011
4.2633,16-07-2011
4.2633,17-07-2011
4.2688,18-07-2011
4.258,19-07-2011
4.2475,20-07-2011
4.256,21-07-2011
4.2305,22-07-2011
4.2305,23-07-2011
4.2305,24-07-2011
4.2485,25-07-2011
4.228,26-07-2011
4.2308,27-07-2011
4.2505,28-07-2011
4.2418,29-07-2011
4.2418,30-07-2011
4.2418,31-07-2011
4.2215,01-08-2011
4.2388,02-08-2011
4.2193,03-08-2011
4.2122,04-08-2011
4.2418,05-08-2011
4.2418,06-08-2011
4.2418,07-08-2011
4.243,08-08-2011
4.2625,09-08-2011
4.2643,10-08-2011
4.3005,11-08-2011
4.2835,12-08-2011
4.2835,13-08-2011
4.2835,14-08-2011
4.262,15-08-2011
4.2758,16-08-2011
4.2466,17-08-2011
4.26,18-08-2011
4.2678,19-08-2011
4.2678,20-08-2011
4.2678,21-08-2011
4.2635,22-08-2011
4.2574,23-08-2011
4.257,24-08-2011
4.252,25-08-2011
4.2445,26-08-2011
4.2445,27-08-2011
4.2445,28-08-2011
4.2384,29-08-2011
4.2163,30-08-2011
4.2321,31-08-2011
4.233,01-09-2011
4.2405,02-09-2011
4.2405,03-09-2011
4.2405,04-09-2011
4.2473,05-09-2011
4.254,06-09-2011
4.2358,07-09-2011
4.2515,08-09-2011
4.26,09-09-2011
4.26,10-09-2011
4.26,11-09-2011
4.2823,12-09-2011
4.2803,13-09-2011
4.289,14-09-2011
4.296,15-09-2011
4.268,16-09-2011
4.268,17-09-2011
4.268,18-09-2011
4.2875,19-09-2011
4.285,20-09-2011
4.303,21-09-2011
4.3055,22-09-2011
4.3115,23-09-2011
4.3115,24-09-2011
4.3115,25-09-2011
4.2963,26-09-2011
4.3033,27-09-2011
4.326,28-09-2011
4.331,29-09-2011
4.3575,30-09-2011
4.3575,01-10-2011
4.3575,02-10-2011
4.3001,03-10-2011
4.327,04-10-2011
4.3145,05-10-2011
4.3133,06-10-2011
4.3115,07-10-2011
4.3115,08-10-2011
4.3115,09-10-2011
4.3123,10-10-2011
4.329,11-10-2011
4.3131,12-10-2011
4.3203,13-10-2011
4.3288,14-10-2011
4.3288,15-10-2011
4.3288,16-10-2011
4.332,17-10-2011
4.3525,18-10-2011
4.3389,19-10-2011
4.3331,20-10-2011
4.3304,21-10-2011
4.3304,22-10-2011
4.3304,23-10-2011
4.324,24-10-2011
4.3236,25-10-2011
4.3288,26-10-2011
4.3323,27-10-2011
4.3115,28-10-2011
4.3115,29-10-2011
4.3115,30-10-2011
4.3348,31-10-2011
4.3528,01-11-2011
4.348,02-11-2011
4.3523,03-11-2011
4.3566,04-11-2011
4.3566,05-11-2011
4.3566,06-11-2011
4.3523,07-11-2011
4.3565,08-11-2011
4.355,09-11-2011
4.35,10-11-2011
4.3472,11-11-2011
4.3472,12-11-2011
4.3472,13-11-2011
4.3505,14-11-2011
4.3495,15-11-2011
4.3645,16-11-2011
4.3638,17-11-2011
4.3643,18-11-2011
4.3643,19-11-2011
4.3643,20-11-2011
4.3628,21-11-2011
4.3573,22-11-2011
4.3548,23-11-2011
4.357,24-11-2011
4.3653,25-11-2011
4.3653,26-11-2011
4.3653,27-11-2011
4.366,28-11-2011
4.3518,29-11-2011
4.3535,30-11-2011
4.355,01-12-2011
4.3578,02-12-2011
4.3578,03-12-2011
4.3578,04-12-2011
4.3542,05-12-2011
4.354,06-12-2011
4.3455,07-12-2011
4.3375,08-12-2011
4.3428,09-12-2011
4.3428,10-12-2011
4.3428,11-12-2011
4.3491,12-12-2011
4.3485,13-12-2011
4.345,14-12-2011
4.3408,15-12-2011
4.3345,16-12-2011
4.3345,17-12-2011
4.3345,18-12-2011
4.3075,19-12-2011
4.3165,20-12-2011
4.3063,21-12-2011
4.3,22-12-2011
4.296,23-12-2011
4.296,24-12-2011
4.296,25-12-2011
4.296,26-12-2011
4.29,27-12-2011
4.2863,28-12-2011
4.3025,29-12-2011
4.3233,30-12-2011
4.3233,31-12-2011
4.3233,01-01-2012
4.3325,02-01-2012
4.3185,03-01-2012
4.3215,04-01-2012
4.339,05-01-2012
4.346,06-01-2012
4.346,07-01-2012
4.346,08-01-2012
4.3563,09-01-2012
4.362,10-01-2012
4.367,11-01-2012
4.349,12-01-2012
4.3345,13-01-2012
4.3345,14-01-2012
4.3345,15-01-2012
4.314,16-01-2012
4.3344,17-01-2012
4.353,18-01-2012
4.3438,19-01-2012
4.344,20-01-2012
4.344,21-01-2012
4.344,22-01-2012
4.3423,23-01-2012
4.343,24-01-2012
4.3492,25-01-2012
4.3408,26-01-2012
4.3457,27-01-2012
4.3457,28-01-2012
4.3457,29-01-2012
4.338,30-01-2012
4.3418,31-01-2012
4.3467,01-02-2012
4.351,02-02-2012
4.3485,03-02-2012
4.3485,04-02-2012
4.3485,05-02-2012
4.342,06-02-2012
4.3523,07-02-2012
4.3505,08-02-2012
4.3535,09-02-2012
4.354,10-02-2012
4.354,11-02-2012
4.354,12-02-2012
4.3458,13-02-2012
4.3488,14-02-2012
4.347,15-02-2012
4.3555,16-02-2012
4.3545,17-02-2012
4.3545,18-02-2012
4.3545,19-02-2012
4.3525,20-02-2012
4.3565,21-02-2012
4.3592,22-02-2012
4.3583,23-02-2012
4.3525,24-02-2012
4.3525,25-02-2012
4.3525,26-02-2012
4.351,27-02-2012
4.348,28-02-2012
4.3486,29-02-2012
4.3505,01-03-2012
4.3508,02-03-2012
4.3508,03-03-2012
4.3508,04-03-2012
4.3503,05-03-2012
4.3538,06-03-2012
4.358,07-03-2012
4.3558,08-03-2012
4.3555,09-03-2012
4.3555,10-03-2012
4.3555,11-03-2012
4.3553,12-03-2012
4.3623,13-03-2012
4.3655,14-03-2012
4.3792,15-03-2012
4.3823,16-03-2012
4.3823,17-03-2012
4.3823,18-03-2012
4.3788,19-03-2012
4.3788,20-03-2012
4.3755,21-03-2012
4.373,22-03-2012
4.3723,23-03-2012
4.3723,24-03-2012
4.3723,25-03-2012
4.364,26-03-2012
4.3725,27-03-2012
4.3733,28-03-2012
4.3807,29-03-2012
4.382,30-03-2012
4.382,31-03-2012
4.382,01-04-2012
4.3823,02-04-2012
4.3775,03-04-2012
4.375,04-04-2012
4.3728,05-04-2012
4.3728,06-04-2012
4.3728,07-04-2012
4.3728,08-04-2012
4.3728,09-04-2012
4.3707,10-04-2012
4.3743,11-04-2012
4.3745,12-04-2012
4.376,13-04-2012
4.376,14-04-2012
4.376,15-04-2012
4.373,16-04-2012
4.3753,17-04-2012
4.3788,18-04-2012
4.375,19-04-2012
4.3753,20-04-2012
4.3753,21-04-2012
4.3753,22-04-2012
4.3855,23-04-2012
4.3818,24-04-2012
4.3765,25-04-2012
4.3775,26-04-2012
4.3878,27-04-2012
4.3878,28-04-2012
4.3878,29-04-2012
4.4095,30-04-2012
4.4095,01-05-2012
4.4268,02-05-2012
4.406,03-05-2012
4.4048,04-05-2012
4.4048,05-05-2012
4.4048,06-05-2012
4.406,07-05-2012
4.4043,08-05-2012
4.421,09-05-2012
4.419,10-05-2012
4.4378,11-05-2012
4.4378,12-05-2012
4.4378,13-05-2012
4.4406,14-05-2012
4.4425,15-05-2012
4.44,16-05-2012
4.4447,17-05-2012
4.4435,18-05-2012
4.4435,19-05-2012
4.4435,20-05-2012
4.444,21-05-2012
4.4543,22-05-2012
4.46,23-05-2012
4.468,24-05-2012
4.4685,25-05-2012
4.4685,26-05-2012
4.4685,27-05-2012
4.468,28-05-2012
4.4653,29-05-2012
4.4675,30-05-2012
4.4729,31-05-2012
4.4722,01-06-2012
4.4722,02-06-2012
4.4722,03-06-2012
4.473,04-06-2012
4.466,05-06-2012
4.4631,06-06-2012
4.4658,07-06-2012
4.4648,08-06-2012
4.4648,09-06-2012
4.4648,10-06-2012
4.4618,11-06-2012
4.463,12-06-2012
4.4616,13-06-2012
4.4578,14-06-2012
4.4632,15-06-2012
4.4632,16-06-2012
4.4632,17-06-2012
4.467,18-06-2012
4.4638,19-06-2012
4.4636,20-06-2012
4.466,21-06-2012
4.4733,22-06-2012
4.4733,23-06-2012
4.4733,24-06-2012
4.4678,25-06-2012
4.451,26-06-2012
4.447,27-06-2012
4.451,28-06-2012
4.4513,29-06-2012
4.4513,30-06-2012
4.4513,01-07-2012
4.4503,02-07-2012
4.453,03-07-2012
4.4764,04-07-2012
4.4865,05-07-2012
4.536,06-07-2012
4.536,07-07-2012
4.536,08-07-2012
4.534,09-07-2012
4.5253,10-07-2012
4.5255,11-07-2012
4.5385,12-07-2012
4.5615,13-07-2012
4.5615,14-07-2012
4.5615,15-07-2012
4.565,16-07-2012
4.5673,17-07-2012
4.5653,18-07-2012
4.575,19-07-2012
4.5995,20-07-2012
4.5995,21-07-2012
4.5995,22-07-2012
4.624,23-07-2012
4.6388,24-07-2012
4.6093,25-07-2012
4.623,26-07-2012
4.611,27-07-2012
4.611,28-07-2012
4.611,29-07-2012
4.5635,30-07-2012
4.58,31-07-2012
4.5938,01-08-2012
4.6188,02-08-2012
4.647,03-08-2012
4.647,04-08-2012
4.647,05-08-2012
4.5798,06-08-2012
4.5435,07-08-2012
4.5499,08-08-2012
4.5443,09-08-2012
4.5345,10-08-2012
4.5345,11-08-2012
4.5345,12-08-2012
4.5315,13-08-2012
4.5275,14-08-2012
4.4808,15-08-2012
4.4895,16-08-2012
4.4914,17-08-2012
4.4914,18-08-2012
4.4914,19-08-2012
4.4958,20-08-2012
4.4855,21-08-2012
4.493,22-08-2012
4.493,23-08-2012
4.4825,24-08-2012
4.4825,25-08-2012
4.4825,26-08-2012
4.468,27-08-2012
4.4563,28-08-2012
4.4775,29-08-2012
4.4568,30-08-2012
4.4633,31-08-2012
4.4633,01-09-2012
4.4633,02-09-2012
4.4921,03-09-2012
4.4915,04-09-2012
4.4883,05-09-2012
4.4828,06-09-2012
4.4805,07-09-2012
4.4805,08-09-2012
4.4805,09-09-2012
4.4768,10-09-2012
4.4848,11-09-2012
4.501,12-09-2012
4.5093,13-09-2012
4.503,14-09-2012
4.503,15-09-2012
4.503,16-09-2012
4.4885,17-09-2012
4.5069,18-09-2012
4.5043,19-09-2012
4.5128,20-09-2012
4.5173,21-09-2012
4.5173,22-09-2012
4.5173,23-09-2012
4.5183,24-09-2012
4.5105,25-09-2012
4.5178,26-09-2012
4.5185,27-09-2012
4.5383,28-09-2012
4.5383,29-09-2012
4.5383,30-09-2012
4.5223,01-10-2012
4.5241,02-10-2012
4.5337,03-10-2012
4.548,04-10-2012
4.5782,05-10-2012
4.5782,06-10-2012
4.5782,07-10-2012
4.5723,08-10-2012
4.5675,09-10-2012
4.571,10-10-2012
4.5703,11-10-2012
4.5648,12-10-2012
4.5648,13-10-2012
4.5648,14-10-2012
4.574,15-10-2012
4.5783,16-10-2012
4.5777,17-10-2012
4.5803,18-10-2012
4.5833,19-10-2012
4.5833,20-10-2012
4.5833,21-10-2012
4.577,22-10-2012
4.5785,23-10-2012
4.5765,24-10-2012
4.566,25-10-2012
4.5598,26-10-2012
4.5598,27-10-2012
4.5598,28-10-2012
4.5486,29-10-2012
4.5403,30-10-2012
4.542,31-10-2012
4.534,01-11-2012
4.5275,02-11-2012
4.5275,03-11-2012
4.5275,04-11-2012
4.524,05-11-2012
4.519,06-11-2012
4.5163,07-11-2012
4.5203,08-11-2012
4.5287,09-11-2012
4.5287,10-11-2012
4.5287,11-11-2012
4.5293,12-11-2012
4.5375,13-11-2012
4.543,14-11-2012
4.5383,15-11-2012
4.5333,16-11-2012
4.5333,17-11-2012
4.5333,18-11-2012
4.5363,19-11-2012
4.537,20-11-2012
4.5345,21-11-2012
4.5323,22-11-2012
4.5373,23-11-2012
4.5373,24-11-2012
4.5373,25-11-2012
4.5276,26-11-2012
4.505,27-11-2012
4.5156,28-11-2012
4.51,29-11-2012
4.5148,30-11-2012
4.5148,01-12-2012
4.5148,02-12-2012
4.5234,03-12-2012
4.5343,04-12-2012
4.5445,05-12-2012
4.5418,06-12-2012
4.5385,07-12-2012
4.5385,08-12-2012
4.5385,09-12-2012
4.5375,10-12-2012
4.5443,11-12-2012
4.5268,12-12-2012
4.4915,13-12-2012
4.472,14-12-2012
4.472,15-12-2012
4.472,16-12-2012
4.4647,17-12-2012
4.47,18-12-2012
4.4755,19-12-2012
4.4743,20-12-2012
4.4473,21-12-2012
4.4473,22-12-2012
4.4473,23-12-2012
4.4181,24-12-2012
4.4181,25-12-2012
4.4181,26-12-2012
4.4215,27-12-2012
4.4385,28-12-2012
4.4385,29-12-2012
4.4385,30-12-2012
4.4445,31-12-2012
4.4445,01-01-2013
4.4363,02-01-2013
4.4203,03-01-2013
4.4276,04-01-2013
4.4276,05-01-2013
4.4276,06-01-2013
4.4223,07-01-2013
4.411,08-01-2013
4.4088,09-01-2013
4.3757,10-01-2013
4.3792,11-01-2013
4.3792,12-01-2013
4.3792,13-01-2013
4.3848,14-01-2013
4.3905,15-01-2013
4.3388,16-01-2013
4.3279,17-01-2013
4.3398,18-01-2013
4.3398,19-01-2013
4.3398,20-01-2013
4.3603,21-01-2013
4.3572,22-01-2013
4.3755,23-01-2013
4.3685,24-01-2013
4.3633,25-01-2013
4.3633,26-01-2013
4.3633,27-01-2013
4.3963,28-01-2013
4.3835,29-01-2013
4.3848,30-01-2013
4.3843,31-01-2013
4.375,01-02-2013
4.375,02-02-2013
4.375,03-02-2013
4.372,04-02-2013
4.3767,05-02-2013
4.3895,06-02-2013
4.4103,07-02-2013
4.397,08-02-2013
4.397,09-02-2013
4.397,10-02-2013
4.4003,11-02-2013
4.4075,12-02-2013
4.3868,13-02-2013
4.3871,14-02-2013
4.3885,15-02-2013
4.3885,16-02-2013
4.3885,17-02-2013
4.3861,18-02-2013
4.3786,19-02-2013
4.3785,20-02-2013
4.3795,21-02-2013
4.3784,22-02-2013
4.3784,23-02-2013
4.3784,24-02-2013
4.3773,25-02-2013
4.378,26-02-2013
4.3712,27-02-2013
4.3588,28-02-2013
4.364,01-03-2013
4.364,02-03-2013
4.364,03-03-2013
4.365,04-03-2013
4.3635,05-03-2013
4.3578,06-03-2013
4.355,07-03-2013
4.3587,08-03-2013
4.3587,09-03-2013
4.3587,10-03-2013
4.3718,11-03-2013
4.374,12-03-2013
4.389,13-03-2013
4.3981,14-03-2013
4.3931,15-03-2013
4.3931,16-03-2013
4.3931,17-03-2013
4.4153,18-03-2013
4.406,19-03-2013
4.4238,20-03-2013
4.418,21-03-2013
4.4283,22-03-2013
4.4283,23-03-2013
4.4283,24-03-2013
4.415,25-03-2013
4.417,26-03-2013
4.4135,27-03-2013
4.4193,28-03-2013
4.4193,29-03-2013
4.4193,30-03-2013
4.4193,31-03-2013
4.4193,01-04-2013
4.4185,02-04-2013
4.4208,03-04-2013
4.4251,04-04-2013
4.4215,05-04-2013
4.4215,06-04-2013
4.4215,07-04-2013
4.4075,08-04-2013
4.4087,09-04-2013
4.389,10-04-2013
4.394,11-04-2013
4.389,12-04-2013
4.389,13-04-2013
4.389,14-04-2013
4.3816,15-04-2013
4.3763,16-04-2013
4.3698,17-04-2013
4.3729,18-04-2013
4.3683,19-04-2013
4.3683,20-04-2013
4.3683,21-04-2013
4.3573,22-04-2013
4.3498,23-04-2013
4.3495,24-04-2013
4.3493,25-04-2013
4.3397,26-04-2013
4.3397,27-04-2013
4.3397,28-04-2013
4.3225,29-04-2013
4.3264,30-04-2013
4.3264,01-05-2013
4.3215,02-05-2013
4.3031,03-05-2013
4.3031,04-05-2013
4.3031,05-05-2013
4.3135,06-05-2013
4.316,07-05-2013
4.3123,08-05-2013
4.3253,09-05-2013
4.3298,10-05-2013
4.3298,11-05-2013
4.3298,12-05-2013
4.3239,13-05-2013
4.3315,14-05-2013
4.3355,15-05-2013
4.3342,16-05-2013
4.337,17-05-2013
4.337,18-05-2013
4.337,19-05-2013
4.3473,20-05-2013
4.3493,21-05-2013
4.3479,22-05-2013
4.3655,23-05-2013
4.355,24-05-2013
4.355,25-05-2013
4.355,26-05-2013
4.3443,27-05-2013
4.3258,28-05-2013
4.346,29-05-2013
4.3438,30-05-2013
4.3843,31-05-2013
4.3843,01-06-2013
4.3843,02-06-2013
4.408,03-06-2013
4.396,04-06-2013
4.4258,05-06-2013
4.4871,06-06-2013
4.5503,07-06-2013
4.5503,08-06-2013
4.5503,09-06-2013
4.5235,10-06-2013
4.5113,11-06-2013
4.491,12-06-2013
4.4715,13-06-2013
4.4588,14-06-2013
4.4588,15-06-2013
4.4588,16-06-2013
4.4508,17-06-2013
4.4998,18-06-2013
4.4978,19-06-2013
4.526,20-06-2013
4.535,21-06-2013
4.535,22-06-2013
4.535,23-06-2013
4.5408,24-06-2013
4.4697,25-06-2013
4.45,26-06-2013
4.4523,27-06-2013
4.4603,28-06-2013
4.4603,29-06-2013
4.4603,30-06-2013
4.4488,01-07-2013
4.443,02-07-2013
4.448,03-07-2013
4.434,04-07-2013
4.4408,05-07-2013
4.4408,06-07-2013
4.4408,07-07-2013
4.4483,08-07-2013
4.4478,09-07-2013
4.4333,10-07-2013
4.4275,11-07-2013
4.4227,12-07-2013
4.4227,13-07-2013
4.4227,14-07-2013
4.4236,15-07-2013
4.436,16-07-2013
4.4457,17-07-2013
4.4338,18-07-2013
4.4258,19-07-2013
4.4258,20-07-2013
4.4258,21-07-2013
4.4216,22-07-2013
4.4158,23-07-2013
4.3903,24-07-2013
4.3885,25-07-2013
4.3891,26-07-2013
4.3891,27-07-2013
4.3891,28-07-2013
4.401,29-07-2013
4.3888,30-07-2013
4.4065,31-07-2013
4.423,01-08-2013
4.4385,02-08-2013
4.4385,03-08-2013
4.4385,04-08-2013
4.422,05-08-2013
4.4053,06-08-2013
4.433,07-08-2013
4.454,08-08-2013
4.4382,09-08-2013
4.4382,10-08-2013
4.4382,11-08-2013
4.4241,12-08-2013
4.4261,13-08-2013
4.4315,14-08-2013
4.442,15-08-2013
4.446,16-08-2013
4.446,17-08-2013
4.446,18-08-2013
4.461,19-08-2013
4.4455,20-08-2013
4.442,21-08-2013
4.444,22-08-2013
4.4423,23-08-2013
4.4423,24-08-2013
4.4423,25-08-2013
4.43,26-08-2013
4.4435,27-08-2013
4.4513,28-08-2013
4.4405,29-08-2013
4.432,30-08-2013
4.432,31-08-2013
4.432,01-09-2013
4.4238,02-09-2013
4.432,03-09-2013
4.457,04-09-2013
4.4693,05-09-2013
4.4735,06-09-2013
4.4735,07-09-2013
4.4735,08-09-2013
4.4709,09-09-2013
4.4598,10-09-2013
4.4676,11-09-2013
4.4825,12-09-2013
4.4671,13-09-2013
4.4671,14-09-2013
4.4671,15-09-2013
4.4588,16-09-2013
4.4808,17-09-2013
4.4715,18-09-2013
4.4503,19-09-2013
4.4618,20-09-2013
4.4618,21-09-2013
4.4618,22-09-2013
4.4683,23-09-2013
4.4735,24-09-2013
4.4645,25-09-2013
4.466,26-09-2013
4.4692,27-09-2013
4.4692,28-09-2013
4.4692,29-09-2013
4.462,30-09-2013
4.4485,01-10-2013
4.45,02-10-2013
4.4371,03-10-2013
4.4285,04-10-2013
4.4285,05-10-2013
4.4285,06-10-2013
4.4274,07-10-2013
4.4357,08-10-2013
4.4658,09-10-2013
4.4592,10-10-2013
4.4476,11-10-2013
4.4476,12-10-2013
4.4476,13-10-2013
4.4618,14-10-2013
4.4515,15-10-2013
4.4503,16-10-2013
4.4518,17-10-2013
4.4509,18-10-2013
4.4509,19-10-2013
4.4509,20-10-2013
4.4423,21-10-2013
4.437,22-10-2013
4.4319,23-10-2013
4.4485,24-10-2013
4.4511,25-10-2013
4.4511,26-10-2013
4.4511,27-10-2013
4.4385,28-10-2013
4.442,29-10-2013
4.4288,30-10-2013
4.436,31-10-2013
4.4393,01-11-2013
4.4393,02-11-2013
4.4393,03-11-2013
4.4385,04-11-2013
4.4418,05-11-2013
4.4346,06-11-2013
4.4285,07-11-2013
4.4423,08-11-2013
4.4423,09-11-2013
4.4423,10-11-2013
4.4535,11-11-2013
4.4555,12-11-2013
4.4638,13-11-2013
4.4523,14-11-2013
4.4513,15-11-2013
4.4513,16-11-2013
4.4513,17-11-2013
4.4466,18-11-2013
4.4488,19-11-2013
4.4465,20-11-2013
4.4518,21-11-2013
4.449,22-11-2013
4.449,23-11-2013
4.449,24-11-2013
4.4473,25-11-2013
4.4448,26-11-2013
4.4376,27-11-2013
4.4361,28-11-2013
4.4385,29-11-2013
4.4385,30-11-2013
4.4385,01-12-2013
4.436,02-12-2013
4.4617,03-12-2013
4.4721,04-12-2013
4.466,05-12-2013
4.461,06-12-2013
4.461,07-12-2013
4.461,08-12-2013
4.4482,09-12-2013
4.4525,10-12-2013
4.4535,11-12-2013
4.4538,12-12-2013
4.4573,13-12-2013
4.4573,14-12-2013
4.4573,15-12-2013
4.457,16-12-2013
4.4673,17-12-2013
4.4723,18-12-2013
4.4813,19-12-2013
4.478,20-12-2013
4.478,21-12-2013
4.478,22-12-2013
4.481,23-12-2013
4.466,24-12-2013
4.466,25-12-2013
4.466,26-12-2013
4.4625,27-12-2013
4.4625,28-12-2013
4.4625,29-12-2013
4.4707,30-12-2013
4.471,31-12-2013
4.471,01-01-2014
4.4955,02-01-2014
4.4879,03-01-2014
4.4879,04-01-2014
4.4879,05-01-2014
4.4932,06-01-2014
4.4965,07-01-2014
4.4926,08-01-2014
4.534,09-01-2014
4.545,10-01-2014
4.545,11-01-2014
4.545,12-01-2014
4.524,13-01-2014
4.528,14-01-2014
4.5234,15-01-2014
4.5303,16-01-2014
4.533,17-01-2014
4.533,18-01-2014
4.533,19-01-2014
4.536,20-01-2014
4.5365,21-01-2014
4.5266,22-01-2014
4.5293,23-01-2014
4.5425,24-01-2014
4.5425,25-01-2014
4.5425,26-01-2014
4.5372,27-01-2014
4.534,28-01-2014
4.5193,29-01-2014
4.511,30-01-2014
4.4943,31-01-2014
4.4943,01-02-2014
4.4943,02-02-2014
4.4938,03-02-2014
4.4482,04-02-2014
4.4546,05-02-2014
4.4705,06-02-2014
4.4825,07-02-2014
4.4825,08-02-2014
4.4825,09-02-2014
4.4748,10-02-2014
4.4768,11-02-2014
4.4823,12-02-2014
4.4943,13-02-2014
4.485,14-02-2014
4.485,15-02-2014
4.485,16-02-2014
4.4899,17-02-2014
4.4903,18-02-2014
4.5008,19-02-2014
4.5246,20-02-2014
4.5222,21-02-2014
4.5222,22-02-2014
4.5222,23-02-2014
4.5098,24-02-2014
4.5137,25-02-2014
4.518,26-02-2014
4.5015,27-02-2014
4.5018,28-02-2014
4.5018,01-03-2014
4.5018,02-03-2014
4.5167,03-03-2014
4.5183,04-03-2014
4.5097,05-03-2014
4.499,06-03-2014
4.4973,07-03-2014
4.4973,08-03-2014
4.4973,09-03-2014
4.4984,10-03-2014
4.4998,11-03-2014
4.5121,12-03-2014
4.5059,13-03-2014
4.5118,14-03-2014
4.5118,15-03-2014
4.5118,16-03-2014
4.5078,17-03-2014
4.505,18-03-2014
4.4915,19-03-2014
4.4935,20-03-2014
4.4848,21-03-2014
4.4848,22-03-2014
4.4848,23-03-2014
4.4768,24-03-2014
4.4663,25-03-2014
4.4717,26-03-2014
4.4742,27-03-2014
4.4603,28-03-2014
4.4603,29-03-2014
4.4603,30-03-2014
4.4592,31-03-2014
4.4654,01-04-2014
4.4665,02-04-2014
4.4753,03-04-2014
4.4559,04-04-2014
4.4559,05-04-2014
4.4559,06-04-2014
4.4655,07-04-2014
4.4555,08-04-2014
4.4629,09-04-2014
4.4593,10-04-2014
4.4658,11-04-2014
4.4658,12-04-2014
4.4658,13-04-2014
4.4678,14-04-2014
4.469,15-04-2014
4.4713,16-04-2014
4.4633,17-04-2014
4.4633,18-04-2014
4.4633,19-04-2014
4.4633,20-04-2014
4.4633,21-04-2014
4.4667,22-04-2014
4.4678,23-04-2014
4.4608,24-04-2014
4.4506,25-04-2014
4.4506,26-04-2014
4.4506,27-04-2014
4.4523,28-04-2014
4.4497,29-04-2014
4.4488,30-04-2014
4.4488,01-05-2014
4.4348,02-05-2014
4.4348,03-05-2014
4.4348,04-05-2014
4.4402,05-05-2014
4.442,06-05-2014
4.4295,07-05-2014
4.4373,08-05-2014
4.4298,09-05-2014
4.4298,10-05-2014
4.4298,11-05-2014
4.4303,12-05-2014
4.4313,13-05-2014
4.4385,14-05-2014
4.4328,15-05-2014
4.4357,16-05-2014
4.4357,17-05-2014
4.4357,18-05-2014
4.4319,19-05-2014
4.433,20-05-2014
4.4325,21-05-2014
4.4082,22-05-2014
4.4105,23-05-2014
4.4105,24-05-2014
4.4105,25-05-2014
4.4075,26-05-2014
4.3961,27-05-2014
4.3955,28-05-2014
4.3963,29-05-2014
4.403,30-05-2014
4.403,31-05-2014
4.403,01-06-2014
4.3878,02-06-2014
4.3968,03-06-2014
4.4035,04-06-2014
4.392,05-06-2014
4.3931,06-06-2014
4.3931,07-06-2014
4.3931,08-06-2014
4.3879,09-06-2014
4.3892,10-06-2014
4.3958,11-06-2014
4.391,12-06-2014
4.3952,13-06-2014
4.3952,14-06-2014
4.3952,15-06-2014
4.3963,16-06-2014
4.4015,17-06-2014
4.3987,18-06-2014
4.394,19-06-2014
4.3953,20-06-2014
4.3953,21-06-2014
4.3953,22-06-2014
4.3969,23-06-2014
4.3865,24-06-2014
4.3925,25-06-2014
4.387,26-06-2014
4.3882,27-06-2014
4.3882,28-06-2014
4.3882,29-06-2014
4.383,30-06-2014
4.3881,01-07-2014
4.3864,02-07-2014
4.3888,03-07-2014
4.3895,04-07-2014
4.3895,05-07-2014
4.3895,06-07-2014
4.3876,07-07-2014
4.3893,08-07-2014
4.3903,09-07-2014
4.3956,10-07-2014
4.4165,11-07-2014
4.4165,12-07-2014
4.4165,13-07-2014
4.418,14-07-2014
4.4235,15-07-2014
4.4361,16-07-2014
4.4437,17-07-2014
4.4394,18-07-2014
4.4394,19-07-2014
4.4394,20-07-2014
4.4445,21-07-2014
4.4396,22-07-2014
4.4228,23-07-2014
4.4068,24-07-2014
4.3973,25-07-2014
4.3973,26-07-2014
4.3973,27-07-2014
4.3888,28-07-2014
4.4028,29-07-2014
4.4015,30-07-2014
4.4281,31-07-2014
4.4378,01-08-2014
4.4378,02-08-2014
4.4378,03-08-2014
4.435,04-08-2014
4.4308,05-08-2014
4.442,06-08-2014
4.4409,07-08-2014
4.4435,08-08-2014
4.4435,09-08-2014
4.4435,10-08-2014
4.4385,11-08-2014
4.4378,12-08-2014
4.4361,13-08-2014
4.4333,14-08-2014
4.4399,15-08-2014
4.4399,16-08-2014
4.4399,17-08-2014
4.4354,18-08-2014
4.4313,19-08-2014
4.422,20-08-2014
4.413,21-08-2014
4.4108,22-08-2014
4.4108,23-08-2014
4.4108,24-08-2014
4.3952,25-08-2014
4.4,26-08-2014
4.3976,27-08-2014
4.4025,28-08-2014
4.4065,29-08-2014
4.4065,30-08-2014
4.4065,31-08-2014
4.396,01-09-2014
4.4116,02-09-2014
4.4043,03-09-2014
4.4015,04-09-2014
4.4024,05-09-2014
4.4024,06-09-2014
4.4024,07-09-2014
4.4095,08-09-2014
4.4205,09-09-2014
4.4248,10-09-2014
4.419,11-09-2014
4.4248,12-09-2014
4.4248,13-09-2014
4.4248,14-09-2014
4.4139,15-09-2014
4.4145,16-09-2014
4.4218,17-09-2014
4.4093,18-09-2014
4.402,19-09-2014
4.402,20-09-2014
4.402,21-09-2014
4.4043,22-09-2014
4.4018,23-09-2014
4.4022,24-09-2014
4.4,25-09-2014
4.4027,26-09-2014
4.4027,27-09-2014
4.4027,28-09-2014
4.4125,29-09-2014
4.4102,30-09-2014
4.4093,01-10-2014
4.4109,02-10-2014
4.4108,03-10-2014
4.4108,04-10-2014
4.4108,05-10-2014
4.409,06-10-2014
4.406,07-10-2014
4.4108,08-10-2014
4.4038,09-10-2014
4.4058,10-10-2014
4.4058,11-10-2014
4.4058,12-10-2014
4.4008,13-10-2014
4.4127,14-10-2014
4.4148,15-10-2014
4.43,16-10-2014
4.4195,17-10-2014
4.4195,18-10-2014
4.4195,19-10-2014
4.4173,20-10-2014
4.417,21-10-2014
4.4175,22-10-2014
4.4245,23-10-2014
4.423,24-10-2014
4.423,25-10-2014
4.423,26-10-2014
4.426,27-10-2014
4.4233,28-10-2014
4.4245,29-10-2014
4.4175,30-10-2014
4.4163,31-10-2014
4.4163,01-11-2014
4.4163,02-11-2014
4.4138,03-11-2014
4.4198,04-11-2014
4.4193,05-11-2014
4.4282,06-11-2014
4.435,07-11-2014
4.435,08-11-2014
4.435,09-11-2014
4.423,10-11-2014
4.424,11-11-2014
4.4323,12-11-2014
4.4305,13-11-2014
4.4275,14-11-2014
4.4275,15-11-2014
4.4275,16-11-2014
4.428,17-11-2014
4.4348,18-11-2014
4.4389,19-11-2014
4.4426,20-11-2014
4.4446,21-11-2014
4.4446,22-11-2014
4.4446,23-11-2014
4.4313,24-11-2014
4.4358,25-11-2014
4.4173,26-11-2014
4.4205,27-11-2014
4.4278,28-11-2014
4.4278,29-11-2014
4.4278,30-11-2014
4.4335,01-12-2014
4.4288,02-12-2014
4.4268,03-12-2014
4.429,04-12-2014
4.4321,05-12-2014
4.4321,06-12-2014
4.4321,07-12-2014
4.4425,08-12-2014
4.4393,09-12-2014
4.443,10-12-2014
4.4508,11-12-2014
4.4673,12-12-2014
4.4673,13-12-2014
4.4673,14-12-2014
4.4813,15-12-2014
4.479,16-12-2014
4.475,17-12-2014
4.4713,18-12-2014
4.4738,19-12-2014
4.4738,20-12-2014
4.4738,21-12-2014
4.4666,22-12-2014
4.4799,23-12-2014
4.4628,24-12-2014
4.4628,25-12-2014
4.4628,26-12-2014
4.4628,27-12-2014
4.4628,28-12-2014
4.4741,29-12-2014
4.4847,30-12-2014
4.4828,31-12-2014
4.4828,01-01-2015
4.502,02-01-2015
4.502,03-01-2015
4.502,04-01-2015
4.4975,05-01-2015
4.499,06-01-2015
4.4978,07-01-2015
4.4878,08-01-2015
4.4892,09-01-2015
4.4892,10-01-2015
4.4892,11-01-2015
4.4833,12-01-2015
4.488,13-01-2015
4.4928,14-01-2015
4.4964,15-01-2015
4.5083,16-01-2015
4.5083,17-01-2015
4.5083,18-01-2015
4.5027,19-01-2015
4.5093,20-01-2015
4.5088,21-01-2015
4.5023,22-01-2015
4.4892,23-01-2015
4.4892,24-01-2015
4.4892,25-01-2015
4.4744,26-01-2015
4.4693,27-01-2015
4.4552,28-01-2015
4.4405,29-01-2015
4.442,30-01-2015
4.442,31-01-2015
4.442,01-02-2015
4.4043,02-02-2015
4.4033,03-02-2015
4.408,04-02-2015
4.4133,05-02-2015
4.4143,06-02-2015
4.4143,07-02-2015
4.4143,08-02-2015
4.4308,09-02-2015
4.4368,10-02-2015
4.4473,11-02-2015
4.4375,12-02-2015
4.4431,13-02-2015
4.4431,14-02-2015
4.4431,15-02-2015
4.4452,16-02-2015
4.4467,17-02-2015
4.4518,18-02-2015
4.4461,19-02-2015
4.4568,20-02-2015
4.4568,21-02-2015
4.4568,22-02-2015
4.4483,23-02-2015
4.4435,24-02-2015
4.4223,25-02-2015
4.4278,26-02-2015
4.4413,27-02-2015
4.4413,28-02-2015
4.4413,01-03-2015
4.4418,02-03-2015
4.4563,03-03-2015
4.4555,04-03-2015
4.4453,05-03-2015
4.441,06-03-2015
4.441,07-03-2015
4.441,08-03-2015
4.4428,09-03-2015
4.4465,10-03-2015
4.4445,11-03-2015
4.4373,12-03-2015
4.4471,13-03-2015
4.4471,14-03-2015
4.4471,15-03-2015
4.4365,16-03-2015
4.4415,17-03-2015
4.4493,18-03-2015
4.417,19-03-2015
4.4327,20-03-2015
4.4327,21-03-2015
4.4327,22-03-2015
4.422,23-03-2015
4.411,24-03-2015
4.4147,25-03-2015
4.427,26-03-2015
4.4211,27-03-2015
4.4211,28-03-2015
4.4211,29-03-2015
4.405,30-03-2015
4.4098,31-03-2015
4.413,01-04-2015
4.4168,02-04-2015
4.4168,03-04-2015
4.4168,04-04-2015
4.4168,05-04-2015
4.4168,06-04-2015
4.4165,07-04-2015
4.3955,08-04-2015
4.3975,09-04-2015
4.409,10-04-2015
4.409,11-04-2015
4.409,12-04-2015
4.4156,13-04-2015
4.4118,14-04-2015
4.4197,15-04-2015
4.4158,16-04-2015
4.418,17-04-2015
4.418,18-04-2015
4.418,19-04-2015
4.425,20-04-2015
4.4374,21-04-2015
4.4278,22-04-2015
4.4235,23-04-2015
4.4162,24-04-2015
4.4162,25-04-2015
4.4162,26-04-2015
4.4173,27-04-2015
4.4026,28-04-2015
4.4125,29-04-2015
4.4183,30-04-2015
4.4183,01-05-2015
4.4183,02-05-2015
4.4183,03-05-2015
4.4275,04-05-2015
4.4308,05-05-2015
4.4432,06-05-2015
4.4353,07-05-2015
4.4508,08-05-2015
4.4508,09-05-2015
4.4508,10-05-2015
4.4509,11-05-2015
4.4655,12-05-2015
4.4602,13-05-2015
4.458,14-05-2015
4.4415,15-05-2015
4.4415,16-05-2015
4.4415,17-05-2015
4.4465,18-05-2015
4.448,19-05-2015
4.4458,20-05-2015
4.449,21-05-2015
4.4536,22-05-2015
4.4536,23-05-2015
4.4536,24-05-2015
4.4539,25-05-2015
4.4598,26-05-2015
4.448,27-05-2015
4.4435,28-05-2015
4.4425,29-05-2015
4.4425,30-05-2015
4.4425,31-05-2015
4.4425,01-06-2015
4.4408,02-06-2015
4.4288,03-06-2015
4.4285,04-06-2015
4.4545,05-06-2015
4.4545,06-06-2015
4.4545,07-06-2015
4.465,08-06-2015
4.4708,09-06-2015
4.467,10-06-2015
4.4668,11-06-2015
4.4738,12-06-2015
4.4738,13-06-2015
4.4738,14-06-2015
4.488,15-06-2015
4.4853,16-06-2015
4.486,17-06-2015
4.486,18-06-2015
4.4875,19-06-2015
4.4875,20-06-2015
4.4875,21-06-2015
4.4836,22-06-2015
4.4805,23-06-2015
4.4675,24-06-2015
4.4555,25-06-2015
4.4575,26-06-2015
4.4575,27-06-2015
4.4575,28-06-2015
4.4888,29-06-2015
4.4725,30-06-2015
4.476,01-07-2015
4.4766,02-07-2015
4.4832,03-07-2015
4.4832,04-07-2015
4.4832,05-07-2015
4.4863,06-07-2015
4.4813,07-07-2015
4.4867,08-07-2015
4.4773,09-07-2015
4.4446,10-07-2015
4.4446,11-07-2015
4.4446,12-07-2015
4.4289,13-07-2015
4.4235,14-07-2015
4.4238,15-07-2015
4.4274,16-07-2015
4.419,17-07-2015
4.419,18-07-2015
4.419,19-07-2015
4.4149,20-07-2015
4.4175,21-07-2015
4.4198,22-07-2015
4.4235,23-07-2015
4.4211,24-07-2015
4.4211,25-07-2015
4.4211,26-07-2015
4.418,27-07-2015
4.4149,28-07-2015
4.4223,29-07-2015
4.4083,30-07-2015
4.4048,31-07-2015
4.4048,01-08-2015
4.4048,02-08-2015
4.405,03-08-2015
4.4095,04-08-2015
4.4145,05-08-2015
4.4125,06-08-2015
4.4115,07-08-2015
4.4115,08-08-2015
4.4115,09-08-2015
4.4118,10-08-2015
4.4151,11-08-2015
4.4132,12-08-2015
4.41,13-08-2015
4.4257,14-08-2015
4.4257,15-08-2015
4.4257,16-08-2015
4.43,17-08-2015
4.4211,18-08-2015
4.4331,19-08-2015
4.4357,20-08-2015
4.4295,21-08-2015
4.4295,22-08-2015
4.4295,23-08-2015
4.4458,24-08-2015
4.4328,25-08-2015
4.4353,26-08-2015
4.4391,27-08-2015
4.4313,28-08-2015
4.4313,29-08-2015
4.4313,30-08-2015
4.4307,31-08-2015
4.4407,01-09-2015
4.4403,02-09-2015
4.4305,03-09-2015
4.4308,04-09-2015
4.4308,05-09-2015
4.4308,06-09-2015
4.4343,07-09-2015
4.4263,08-09-2015
4.4174,09-09-2015
4.4228,10-09-2015
4.4189,11-09-2015
4.4189,12-09-2015
4.4189,13-09-2015
4.4175,14-09-2015
4.4207,15-09-2015
4.4265,16-09-2015
4.4253,17-09-2015
4.4187,18-09-2015
4.4187,19-09-2015
4.4187,20-09-2015
4.421,21-09-2015
4.4225,22-09-2015
4.4183,23-09-2015
4.4178,24-09-2015
4.4111,25-09-2015
4.4111,26-09-2015
4.4111,27-09-2015
4.4173,28-09-2015
4.4223,29-09-2015
4.4176,30-09-2015
4.4159,01-10-2015
4.4138,02-10-2015
4.4138,03-10-2015
4.4138,04-10-2015
4.4168,05-10-2015
4.4186,06-10-2015
4.4174,07-10-2015
4.4162,08-10-2015
4.415,09-10-2015
4.415,10-10-2015
4.415,11-10-2015
4.413,12-10-2015
4.4163,13-10-2015
4.4145,14-10-2015
4.4176,15-10-2015
4.4167,16-10-2015
4.4167,17-10-2015
4.4167,18-10-2015
4.4183,19-10-2015
4.4252,20-10-2015
4.4315,21-10-2015
4.43,22-10-2015
4.4269,23-10-2015
4.4269,24-10-2015
4.4269,25-10-2015
4.4367,26-10-2015
4.437,27-10-2015
4.433,28-10-2015
4.4343,29-10-2015
4.435,30-10-2015
4.435,31-10-2015
4.435,01-11-2015
4.4383,02-11-2015
4.4345,03-11-2015
4.4484,04-11-2015
4.4486,05-11-2015
4.4545,06-11-2015
4.4545,07-11-2015
4.4545,08-11-2015
4.4622,09-11-2015
4.452,10-11-2015
4.4366,11-11-2015
4.443,12-11-2015
4.4452,13-11-2015
4.4452,14-11-2015
4.4452,15-11-2015
4.4387,16-11-2015
4.4375,17-11-2015
4.4467,18-11-2015
4.4438,19-11-2015
4.4438,20-11-2015
4.4438,21-11-2015
4.4438,22-11-2015
4.449,23-11-2015
4.4467,24-11-2015
4.4414,25-11-2015
4.4424,26-11-2015
4.4467,27-11-2015
4.4467,28-11-2015
4.4467,29-11-2015
4.4503,30-11-2015
4.4588,01-12-2015
4.4573,02-12-2015
4.4585,03-12-2015
4.4711,04-12-2015
4.4711,05-12-2015
4.4711,06-12-2015
4.4803,07-12-2015
4.4854,08-12-2015
4.4954,09-12-2015
4.503,10-12-2015
4.5248,11-12-2015
4.5248,12-12-2015
4.5248,13-12-2015
4.5191,14-12-2015
4.496,15-12-2015
4.5035,16-12-2015
4.5048,17-12-2015
4.516,18-12-2015
4.516,19-12-2015
4.516,20-12-2015
4.5115,21-12-2015
4.5192,22-12-2015
4.524,23-12-2015
4.5285,24-12-2015
4.5285,25-12-2015
4.5285,26-12-2015
4.5285,27-12-2015
4.5255,28-12-2015
4.537,29-12-2015
4.5296,30-12-2015
4.524,31-12-2015
4.524,01-01-2016
4.524,02-01-2016
4.524,03-01-2016
4.517,04-01-2016
4.5268,05-01-2016
4.5224,06-01-2016
4.5288,07-01-2016
4.5275,08-01-2016
4.5275,09-01-2016
4.5275,10-01-2016
4.5305,11-01-2016
4.5333,12-01-2016
4.53,13-01-2016
4.5348,14-01-2016
4.5375,15-01-2016
4.5375,16-01-2016
4.5375,17-01-2016
4.5365,18-01-2016
4.5305,19-01-2016
4.5326,20-01-2016
4.5316,21-01-2016
4.5273,22-01-2016
4.5273,23-01-2016
4.5273,24-01-2016
4.5256,25-01-2016
4.5348,26-01-2016
4.5388,27-01-2016
4.54,28-01-2016
4.5352,29-01-2016
4.5352,30-01-2016
4.5352,31-01-2016
4.5246,01-02-2016
4.514,02-02-2016
4.5093,03-02-2016
4.5087,04-02-2016
4.5028,05-02-2016
4.5028,06-02-2016
4.5028,07-02-2016
4.4798,08-02-2016
4.4943,09-02-2016
4.483,10-02-2016
4.4783,11-02-2016
4.4741,12-02-2016
4.4741,13-02-2016
4.4741,14-02-2016
4.4689,15-02-2016
4.4613,16-02-2016
4.455,17-02-2016
4.4615,18-02-2016
4.467,19-02-2016
4.467,20-02-2016
4.467,21-02-2016
4.4767,22-02-2016
4.4648,23-02-2016
4.4775,24-02-2016
4.4673,25-02-2016
4.4639,26-02-2016
4.4639,27-02-2016
4.4639,28-02-2016
4.4757,29-02-2016
4.4653,01-03-2016
4.4585,02-03-2016
4.4584,03-03-2016
4.4663,04-03-2016
4.4663,05-03-2016
4.4663,06-03-2016
4.4623,07-03-2016
4.4651,08-03-2016
4.4637,09-03-2016
4.4585,10-03-2016
4.4669,11-03-2016
4.4669,12-03-2016
4.4669,13-03-2016
4.4658,14-03-2016
4.4718,15-03-2016
4.4765,16-03-2016
4.4776,17-03-2016
4.4718,18-03-2016
4.4718,19-03-2016
4.4718,20-03-2016
4.4688,21-03-2016
4.4703,22-03-2016
4.4655,23-03-2016
4.4669,24-03-2016
4.4669,25-03-2016
4.4669,26-03-2016
4.4669,27-03-2016
4.4669,28-03-2016
4.4645,29-03-2016
4.4623,30-03-2016
4.4718,31-03-2016
4.4693,01-04-2016
4.4693,02-04-2016
4.4693,03-04-2016
4.4648,04-04-2016
4.466,05-04-2016
4.4685,06-04-2016
4.4659,07-04-2016
4.4685,08-04-2016
4.4685,09-04-2016
4.4685,10-04-2016
4.4675,11-04-2016
4.4708,12-04-2016
4.47,13-04-2016
4.4728,14-04-2016
4.4728,15-04-2016
4.4728,16-04-2016
4.4728,17-04-2016
4.4749,18-04-2016
4.4813,19-04-2016
4.4827,20-04-2016
4.4815,21-04-2016
4.4753,22-04-2016
4.4753,23-04-2016
4.4753,24-04-2016
4.4801,25-04-2016
4.4747,26-04-2016
4.464,27-04-2016
4.4723,28-04-2016
4.477,29-04-2016
4.477,30-04-2016
4.477,01-05-2016
4.4815,02-05-2016
4.4879,03-05-2016
4.492,04-05-2016
4.5035,05-05-2016
4.5005,06-05-2016
4.5005,07-05-2016
4.5005,08-05-2016
4.4905,09-05-2016
4.4885,10-05-2016
4.4915,11-05-2016
4.4998,12-05-2016
4.4975,13-05-2016
4.4975,14-05-2016
4.4975,15-05-2016
4.4876,16-05-2016
4.4865,17-05-2016
4.499,18-05-2016
4.5043,19-05-2016
4.5058,20-05-2016
4.5058,21-05-2016
4.5058,22-05-2016
4.521,23-05-2016
4.5083,24-05-2016
4.5091,25-05-2016
4.507,26-05-2016
4.5034,27-05-2016
4.5034,28-05-2016
4.5034,29-05-2016
4.5033,30-05-2016
4.5108,31-05-2016
4.5178,01-06-2016
4.52,02-06-2016
4.5188,03-06-2016
4.5188,04-06-2016
4.5188,05-06-2016
4.5192,06-06-2016
4.5073,07-06-2016
4.5064,08-06-2016
4.5095,09-06-2016
4.5148,10-06-2016
4.5148,11-06-2016
4.5148,12-06-2016
4.5178,13-06-2016
4.5235,14-06-2016
4.5358,15-06-2016
4.539,16-06-2016
4.5355,17-06-2016
4.5355,18-06-2016
4.5355,19-06-2016
4.5393,20-06-2016
4.5408,21-06-2016
4.526,22-06-2016
4.5114,23-06-2016
4.5345,24-06-2016
4.5345,25-06-2016
4.5345,26-06-2016
4.516,27-06-2016
4.5247,28-06-2016
4.5253,29-06-2016
4.5234,30-06-2016
4.5157,01-07-2016
4.5157,02-07-2016
4.5157,03-07-2016
4.5133,04-07-2016
4.5185,05-07-2016
4.5185,06-07-2016
4.5144,07-07-2016
4.5132,08-07-2016
4.5132,09-07-2016
4.5132,10-07-2016
4.4938,11-07-2016
4.4942,12-07-2016
4.4914,13-07-2016
4.4903,14-07-2016
4.4802,15-07-2016
4.4802,16-07-2016
4.4802,17-07-2016
4.4686,18-07-2016
4.4772,19-07-2016
4.4741,20-07-2016
4.4686,21-07-2016
4.4609,22-07-2016
4.4609,23-07-2016
4.4609,24-07-2016
4.448,25-07-2016
4.4657,26-07-2016
4.466,27-07-2016
4.4585,28-07-2016
4.4655,29-07-2016
4.4655,30-07-2016
4.4655,31-07-2016
4.454,01-08-2016
4.4542,02-08-2016
4.455,03-08-2016
4.4605,04-08-2016
4.4622,05-08-2016
4.4622,06-08-2016
4.4622,07-08-2016
4.4584,08-08-2016
4.4598,09-08-2016
4.4585,10-08-2016
4.4601,11-08-2016
4.459,12-08-2016
4.459,13-08-2016
4.459,14-08-2016
4.4594,15-08-2016
4.4583,16-08-2016
4.4753,17-08-2016
4.4687,18-08-2016
4.4658,19-08-2016
4.4658,20-08-2016
4.4658,21-08-2016
4.4583,22-08-2016
4.4568,23-08-2016
4.4597,24-08-2016
4.4526,25-08-2016
4.4578,26-08-2016
4.4578,27-08-2016
4.4578,28-08-2016
4.4576,29-08-2016
4.4505,30-08-2016
4.4575,31-08-2016
4.4558,01-09-2016
4.4525,02-09-2016
4.4525,03-09-2016
4.4525,04-09-2016
4.4495,05-09-2016
4.4513,06-09-2016
4.4525,07-09-2016
4.4514,08-09-2016
4.4495,09-09-2016
4.4495,10-09-2016
4.4495,11-09-2016
4.4499,12-09-2016
4.446,13-09-2016
4.4475,14-09-2016
4.4483,15-09-2016
4.4501,16-09-2016
4.4501,17-09-2016
4.4501,18-09-2016
4.4475,19-09-2016
4.4513,20-09-2016
4.4495,21-09-2016
4.4498,22-09-2016
4.4475,23-09-2016
4.4475,24-09-2016
4.4475,25-09-2016
4.4498,26-09-2016
4.4483,27-09-2016
4.4506,28-09-2016
4.453,29-09-2016
4.4537,30-09-2016
4.4537,01-10-2016
4.4537,02-10-2016
4.4505,03-10-2016
4.4583,04-10-2016
4.4621,05-10-2016
4.476,06-10-2016
4.5046,07-10-2016
4.5046,08-10-2016
4.5046,09-10-2016
4.5035,10-10-2016
4.4885,11-10-2016
4.497,12-10-2016
4.503,13-10-2016
4.504,14-10-2016
4.504,15-10-2016
4.504,16-10-2016
4.5065,17-10-2016
4.511,18-10-2016
4.502,19-10-2016
4.503,20-10-2016
4.5043,21-10-2016
4.5043,22-10-2016
4.5043,23-10-2016
4.5065,24-10-2016
4.4901,25-10-2016
4.4965,26-10-2016
4.5038,27-10-2016
4.5005,28-10-2016
4.5005,29-10-2016
4.5005,30-10-2016
4.506,31-10-2016
4.5055,01-11-2016
4.5028,02-11-2016
4.4988,03-11-2016
4.4995,04-11-2016
4.4995,05-11-2016
4.4995,06-11-2016
4.4988,07-11-2016
4.5073,08-11-2016
4.505,09-11-2016
4.5023,10-11-2016
4.516,11-11-2016
4.516,12-11-2016
4.516,13-11-2016
4.5183,14-11-2016
4.514,15-11-2016
4.5198,16-11-2016
4.5187,17-11-2016
4.515,18-11-2016
4.515,19-11-2016
4.515,20-11-2016
4.5105,21-11-2016
4.5117,22-11-2016
4.5165,23-11-2016
4.51,24-11-2016
4.514,25-11-2016
4.514,26-11-2016
4.514,27-11-2016
4.515,28-11-2016
4.5172,29-11-2016
4.504,30-11-2016
4.5042,01-12-2016
4.5095,02-12-2016
4.5095,03-12-2016
4.5095,04-12-2016
4.501,05-12-2016
4.4975,06-12-2016
4.498,07-12-2016
4.502,08-12-2016
4.4994,09-12-2016
4.4994,10-12-2016
4.4994,11-12-2016
4.5073,12-12-2016
4.5045,13-12-2016
4.5153,14-12-2016
4.5223,15-12-2016
4.5165,16-12-2016
4.5165,17-12-2016
4.5165,18-12-2016
4.5179,19-12-2016
4.5213,20-12-2016
4.5194,21-12-2016
4.5266,22-12-2016
4.5318,23-12-2016
4.5318,24-12-2016
4.5318,25-12-2016
4.5318,26-12-2016
4.5313,27-12-2016
4.5415,28-12-2016
4.5375,29-12-2016
4.539,30-12-2016
4.539,31-12-2016
4.539,01-01-2017
4.539,02-01-2017
4.5228,03-01-2017
4.5086,04-01-2017
4.5065,05-01-2017
4.5013,06-01-2017
4.5013,07-01-2017
4.5013,08-01-2017
4.5016,09-01-2017
4.4958,10-01-2017
4.496,11-01-2017
4.4913,12-01-2017
4.4922,13-01-2017
4.4922,14-01-2017
4.4922,15-01-2017
4.5023,16-01-2017
4.501,17-01-2017
4.4928,18-01-2017
4.4928,19-01-2017
4.494,20-01-2017
4.494,21-01-2017
4.494,22-01-2017
4.4978,23-01-2017
4.5015,24-01-2017
4.4986,25-01-2017
4.4943,26-01-2017
4.5058,27-01-2017
4.5058,28-01-2017
4.5058,29-01-2017
4.5008,30-01-2017
4.503,31-01-2017
4.5478,01-02-2017
4.5328,02-02-2017
4.5158,03-02-2017
4.5158,04-02-2017
4.5158,05-02-2017
4.5085,06-02-2017
4.4899,07-02-2017
4.489,08-02-2017
4.4945,09-02-2017
4.5002,10-02-2017
4.5002,11-02-2017
4.5002,12-02-2017
4.5022,13-02-2017
4.5051,14-02-2017
4.5143,15-02-2017
4.5223,16-02-2017
4.5223,17-02-2017
4.5223,18-02-2017
4.5223,19-02-2017
4.5218,20-02-2017
4.5151,21-02-2017
4.5208,22-02-2017
4.52,23-02-2017
4.517,24-02-2017
4.517,25-02-2017
4.517,26-02-2017
4.5129,27-02-2017
4.5202,28-02-2017
4.5207,01-03-2017
4.522,02-03-2017
4.5328,03-03-2017
4.5328,04-03-2017
4.5328,05-03-2017
4.529,06-03-2017
4.5384,07-03-2017
4.5503,08-03-2017
4.5499,09-03-2017
4.549,10-03-2017
4.549,11-03-2017
4.549,12-03-2017
4.556,13-03-2017
4.5435,14-03-2017
4.5423,15-03-2017
4.5508,16-03-2017
4.5633,17-03-2017
4.5633,18-03-2017
4.5633,19-03-2017
4.5605,20-03-2017
4.5646,21-03-2017
4.559,22-03-2017
4.5555,23-03-2017
4.5527,24-03-2017
4.5527,25-03-2017
4.5527,26-03-2017
4.5491,27-03-2017
4.5529,28-03-2017
4.5563,29-03-2017
4.5448,30-03-2017
4.5525,31-03-2017
4.5525,01-04-2017
4.5525,02-04-2017
4.5495,03-04-2017
4.5442,04-04-2017
4.5397,05-04-2017
4.5236,06-04-2017
4.5178,07-04-2017
4.5178,08-04-2017
4.5178,09-04-2017
4.5118,10-04-2017
4.5104,11-04-2017
4.5205,12-04-2017
4.5189,13-04-2017
4.5189,14-04-2017
4.5189,15-04-2017
4.5189,16-04-2017
4.5189,17-04-2017
4.518,18-04-2017
4.5341,19-04-2017
4.5405,20-04-2017
4.5437,21-04-2017
4.5437,22-04-2017
4.5437,23-04-2017
4.5285,24-04-2017
4.5255,25-04-2017
4.5338,26-04-2017
4.5288,27-04-2017
4.5348,28-04-2017
4.5348,29-04-2017
4.5348,30-04-2017
4.5348,01-05-2017
4.5495,02-05-2017
4.5485,03-05-2017
4.546,04-05-2017
4.547,05-05-2017
4.547,06-05-2017
4.547,07-05-2017
4.5488,08-05-2017
4.55,09-05-2017
4.5495,10-05-2017
4.549,11-05-2017
4.545,12-05-2017
4.545,13-05-2017
4.545,14-05-2017
4.5503,15-05-2017
4.5478,16-05-2017
4.5584,17-05-2017
4.5683,18-05-2017
4.5602,19-05-2017
4.5602,20-05-2017
4.5602,21-05-2017
4.5609,22-05-2017
4.5543,23-05-2017
4.5511,24-05-2017
4.55,25-05-2017
4.5568,26-05-2017
4.5568,27-05-2017
4.5568,28-05-2017
4.5638,29-05-2017
4.566,30-05-2017
4.5655,31-05-2017
4.5685,01-06-2017
4.5653,02-06-2017
4.5653,03-06-2017
4.5653,04-06-2017
4.5698,05-06-2017
4.566,06-06-2017
4.5703,07-06-2017
4.5665,08-06-2017
4.5628,09-06-2017
4.5628,10-06-2017
4.5628,11-06-2017
4.562,12-06-2017
4.5662,13-06-2017
4.5664,14-06-2017
4.5893,15-06-2017
4.5835,16-06-2017
4.5835,17-06-2017
4.5835,18-06-2017
4.5901,19-06-2017
4.5988,20-06-2017
4.59,21-06-2017
4.5823,22-06-2017
4.5715,23-06-2017
4.5715,24-06-2017
4.5715,25-06-2017
4.5749,26-06-2017
4.5635,27-06-2017
4.551,28-06-2017
4.5744,29-06-2017
4.5523,30-06-2017
4.5523,01-07-2017
4.5523,02-07-2017
4.5634,03-07-2017
4.5884,04-07-2017
4.5881,05-07-2017
4.5933,06-07-2017
4.5862,07-07-2017
4.5862,08-07-2017
4.5862,09-07-2017
4.5698,10-07-2017
4.5685,11-07-2017
4.5675,12-07-2017
4.5635,13-07-2017
4.5627,14-07-2017
4.5627,15-07-2017
4.5627,16-07-2017
4.5598,17-07-2017
4.56,18-07-2017
4.567,19-07-2017
4.5655,20-07-2017
4.5703,21-07-2017
4.5703,22-07-2017
4.5703,23-07-2017
4.5638,24-07-2017
4.5635,25-07-2017
4.5632,26-07-2017
4.565,27-07-2017
4.558,28-07-2017
4.558,29-07-2017
4.558,30-07-2017
4.559,31-07-2017
4.5596,01-08-2017
4.5593,02-08-2017
4.5655,03-08-2017
4.5635,04-08-2017
4.5635,05-08-2017
4.5635,06-08-2017
4.564,07-08-2017
4.5638,08-08-2017
4.5691,09-08-2017
4.5743,10-08-2017
4.5778,11-08-2017
4.5778,12-08-2017
4.5778,13-08-2017
4.5716,14-08-2017
4.5725,15-08-2017
4.5821,16-08-2017
4.5848,17-08-2017
4.59,18-08-2017
4.59,19-08-2017
4.59,20-08-2017
4.5849,21-08-2017
4.5868,22-08-2017
4.5853,23-08-2017
4.583,24-08-2017
4.5983,25-08-2017
4.5983,26-08-2017
4.5983,27-08-2017
4.5977,28-08-2017
4.5968,29-08-2017
4.5915,30-08-2017
4.5924,31-08-2017
4.5963,01-09-2017
4.5963,02-09-2017
4.5963,03-09-2017
4.5962,04-09-2017
4.5965,05-09-2017
4.5986,06-09-2017
4.598,07-09-2017
4.6008,08-09-2017
4.6008,09-09-2017
4.6008,10-09-2017
4.5987,11-09-2017
4.6018,12-09-2017
4.6013,13-09-2017
4.6017,14-09-2017
4.5999,15-09-2017
4.5999,16-09-2017
4.5999,17-09-2017
4.5993,18-09-2017
4.6004,19-09-2017
4.5993,20-09-2017
4.5988,21-09-2017
4.5967,22-09-2017
4.5967,23-09-2017
4.5967,24-09-2017
4.5988,25-09-2017
4.6013,26-09-2017
4.5986,27-09-2017
4.6003,28-09-2017
4.5993,29-09-2017
4.5993,30-09-2017
4.5993,01-10-2017
4.5878,02-10-2017
4.591,03-10-2017
4.5808,04-10-2017
4.575,05-10-2017
4.5766,06-10-2017
4.5766,07-10-2017
4.5766,08-10-2017
4.5754,09-10-2017
4.5753,10-10-2017
4.5865,11-10-2017
4.5919,12-10-2017
4.5865,13-10-2017
4.5865,14-10-2017
4.5865,15-10-2017
4.5838,16-10-2017
4.58,17-10-2017
4.588,18-10-2017
4.5958,19-10-2017
4.5971,20-10-2017
4.5971,21-10-2017
4.5971,22-10-2017
4.6,23-10-2017
4.6013,24-10-2017
4.5975,25-10-2017
4.5983,26-10-2017
4.601,27-10-2017
4.601,28-10-2017
4.601,29-10-2017
4.599,30-10-2017
4.6005,31-10-2017
4.6033,01-11-2017
4.5992,02-11-2017
4.5978,03-11-2017
4.5978,04-11-2017
4.5978,05-11-2017
4.5895,06-11-2017
4.5945,07-11-2017
4.628,08-11-2017
4.64,09-11-2017
4.6533,10-11-2017
4.6533,11-11-2017
4.6533,12-11-2017
4.6562,13-11-2017
4.6493,14-11-2017
4.6351,15-11-2017
4.639,16-11-2017
4.647,17-11-2017
4.647,18-11-2017
4.647,19-11-2017
4.6514,20-11-2017
4.6568,21-11-2017
4.6525,22-11-2017
4.6522,23-11-2017
4.6434,24-11-2017
4.6434,25-11-2017
4.6434,26-11-2017
4.6418,27-11-2017
4.6413,28-11-2017
4.644,29-11-2017
4.6475,30-11-2017
4.6305,01-12-2017
4.6305,02-12-2017
4.6305,03-12-2017
4.6215,04-12-2017
4.6337,05-12-2017
4.632,06-12-2017
4.6354,07-12-2017
4.6336,08-12-2017
4.6336,09-12-2017
4.6336,10-12-2017
4.6323,11-12-2017
4.6335,12-12-2017
4.6325,13-12-2017
4.633,14-12-2017
4.6332,15-12-2017
4.6332,16-12-2017
4.6332,17-12-2017
4.6228,18-12-2017
4.6198,19-12-2017
4.6284,20-12-2017
4.6363,21-12-2017
4.642,22-12-2017
4.642,23-12-2017
4.642,24-12-2017
4.642,25-12-2017
4.642,26-12-2017
4.6499,27-12-2017
4.652,28-12-2017
4.6585,29-12-2017
4.6585,30-12-2017
4.6585,31-12-2017
4.6585,01-01-2018
4.6525,02-01-2018
4.6355,03-01-2018
4.629,04-01-2018
4.6351,05-01-2018
4.6351,06-01-2018
4.6351,07-01-2018
4.6206,08-01-2018
4.653,09-01-2018
4.6395,10-01-2018
4.6413,11-01-2018
4.6363,12-01-2018
4.6363,13-01-2018
4.6363,14-01-2018
4.6278,15-01-2018
4.6483,16-01-2018
4.6571,17-01-2018
4.648,18-01-2018
4.6594,19-01-2018
4.6594,20-01-2018
4.6594,21-01-2018
4.667,22-01-2018
4.671,23-01-2018
4.6648,24-01-2018
4.6693,25-01-2018
4.6663,26-01-2018
4.6663,27-01-2018
4.6663,28-01-2018
4.653,29-01-2018
4.6513,30-01-2018
4.6545,31-01-2018
4.6548,01-02-2018
4.6458,02-02-2018
4.6458,03-02-2018
4.6458,04-02-2018
4.6333,05-02-2018
4.6445,06-02-2018
4.6555,07-02-2018
4.652,08-02-2018
4.6563,09-02-2018
4.6563,10-02-2018
4.6563,11-02-2018
4.6524,12-02-2018
4.6586,13-02-2018
4.6606,14-02-2018
4.662,15-02-2018
4.6625,16-02-2018
4.6625,17-02-2018
4.6625,18-02-2018
4.6613,19-02-2018
4.6636,20-02-2018
4.6615,21-02-2018
4.6555,22-02-2018
4.655,23-02-2018
4.655,24-02-2018
4.655,25-02-2018
4.6625,26-02-2018
4.6575,27-02-2018
4.663,28-02-2018
4.6573,01-03-2018
4.6595,02-03-2018
4.6595,03-03-2018
4.6595,04-03-2018
4.6618,05-03-2018
4.6598,06-03-2018
4.6605,07-03-2018
4.6588,08-03-2018
4.657,09-03-2018
4.657,10-03-2018
4.657,11-03-2018
4.6618,12-03-2018
4.6619,13-03-2018
4.6625,14-03-2018
4.6653,15-03-2018
4.6655,16-03-2018
4.6655,17-03-2018
4.6655,18-03-2018
4.6677,19-03-2018
4.6663,20-03-2018
4.6678,21-03-2018
4.6675,22-03-2018
4.663,23-03-2018
4.663,24-03-2018
4.663,25-03-2018
4.6593,26-03-2018
4.6558,27-03-2018
4.6525,28-03-2018
4.6565,29-03-2018
4.6565,30-03-2018
4.6565,31-03-2018
4.6565,01-04-2018
4.6565,02-04-2018
4.661,03-04-2018
4.66,04-04-2018
4.6623,05-04-2018
4.6636,06-04-2018
4.6636,07-04-2018
4.6636,08-04-2018
4.6634,09-04-2018
4.662,10-04-2018
4.6627,11-04-2018
4.6615,12-04-2018
4.6603,13-04-2018
4.6603,14-04-2018
4.6603,15-04-2018
4.6508,16-04-2018
4.6468,17-04-2018
4.6539,18-04-2018
4.657,19-04-2018
4.6586,20-04-2018
4.6586,21-04-2018
4.6586,22-04-2018
4.6577,23-04-2018
4.653,24-04-2018
4.6453,25-04-2018
4.6538,26-04-2018
4.6615,27-04-2018
4.6615,28-04-2018
4.6615,29-04-2018
4.6614,30-04-2018
4.6614,01-05-2018
4.6635,02-05-2018
4.6658,03-05-2018
4.662,04-05-2018
4.662,05-05-2018
4.662,06-05-2018
4.6563,07-05-2018
4.6495,08-05-2018
4.6448,09-05-2018
4.6388,10-05-2018
4.6345,11-05-2018
4.6345,12-05-2018
4.6345,13-05-2018
4.629,14-05-2018
4.6331,15-05-2018
4.635,16-05-2018
4.6319,17-05-2018
4.6323,18-05-2018
4.6323,19-05-2018
4.6323,20-05-2018
4.6217,21-05-2018
4.6265,22-05-2018
4.6294,23-05-2018
4.627,24-05-2018
4.6297,25-05-2018
4.6297,26-05-2018
4.6297,27-05-2018
4.636,28-05-2018
4.647,29-05-2018
4.6443,30-05-2018
4.6508,31-05-2018
4.665,01-06-2018
4.665,02-06-2018
4.665,03-06-2018
4.6548,04-06-2018
4.6526,05-06-2018
4.6534,06-06-2018
4.6555,07-06-2018
4.6593,08-06-2018
4.6593,09-06-2018
4.6593,10-06-2018
4.659,11-06-2018
4.6605,12-06-2018
4.665,13-06-2018
4.6655,14-06-2018
4.6628,15-06-2018
4.6628,16-06-2018
4.6628,17-06-2018
4.6658,18-06-2018
4.668,19-06-2018
4.6695,20-06-2018
4.6723,21-06-2018
4.6663,22-06-2018
4.6663,23-06-2018
4.6663,24-06-2018
4.669,25-06-2018
4.6669,26-06-2018
4.6553,27-06-2018
4.6584,28-06-2018
4.6631,29-06-2018
4.6631,30-06-2018
4.6631,01-07-2018
4.6578,02-07-2018
4.6615,03-07-2018
4.6656,04-07-2018
4.6625,05-07-2018
4.6608,06-07-2018
4.6608,07-07-2018
4.6608,08-07-2018
4.6585,09-07-2018
4.6585,10-07-2018
4.6602,11-07-2018
4.6588,12-07-2018
4.6578,13-07-2018
4.6578,14-07-2018
4.6578,15-07-2018
4.6558,16-07-2018
4.6617,17-07-2018
4.656,18-07-2018
4.6575,19-07-2018
4.6523,20-07-2018
4.6523,21-07-2018
4.6523,22-07-2018
4.6464,23-07-2018
4.6398,24-07-2018
4.6275,25-07-2018
4.6318,26-07-2018
4.629,27-07-2018
4.629,28-07-2018
4.629,29-07-2018
4.6238,30-07-2018
4.6255,31-07-2018
4.624,01-08-2018
4.6227,02-08-2018
4.6202,03-08-2018
4.6202,04-08-2018
4.6202,05-08-2018
4.6272,06-08-2018
4.6433,07-08-2018
4.643,08-08-2018
4.6491,09-08-2018
4.6583,10-08-2018
4.6583,11-08-2018
4.6583,12-08-2018
4.6588,13-08-2018
4.6565,14-08-2018
4.6553,15-08-2018
4.6603,16-08-2018
4.6558,17-08-2018
4.6558,18-08-2018
4.6558,19-08-2018
4.649,20-08-2018
4.6415,21-08-2018
4.6485,22-08-2018
4.638,23-08-2018
4.6393,24-08-2018
4.6393,25-08-2018
4.6393,26-08-2018
4.6423,27-08-2018
4.6464,28-08-2018
4.6417,29-08-2018
4.6437,30-08-2018
4.6437,31-08-2018
4.6437,01-09-2018
4.6437,02-09-2018
4.6338,03-09-2018
4.6328,04-09-2018
4.6378,05-09-2018
4.6385,06-09-2018
4.6413,07-09-2018
4.6413,08-09-2018
4.6413,09-09-2018
4.6308,10-09-2018
4.6323,11-09-2018
4.638,12-09-2018
4.6388,13-09-2018
4.6467,14-09-2018
4.6467,15-09-2018
4.6467,16-09-2018
4.6431,17-09-2018
4.6492,18-09-2018
4.6523,19-09-2018
4.6545,20-09-2018
4.6581,21-09-2018
4.6581,22-09-2018
4.6581,23-09-2018
4.6579,24-09-2018
4.6618,25-09-2018
4.6611,26-09-2018
4.6701,27-09-2018
4.6638,28-09-2018
4.6638,29-09-2018
4.6638,30-09-2018
4.6605,01-10-2018
4.6671,02-10-2018
4.6648,03-10-2018
4.6723,04-10-2018
4.6708,05-10-2018
4.6708,06-10-2018
4.6708,07-10-2018
4.6675,08-10-2018
4.6675,09-10-2018
4.664,10-10-2018
4.6673,11-10-2018
4.6613,12-10-2018
4.6613,13-10-2018
4.6613,14-10-2018
4.6673,15-10-2018
4.668,16-10-2018
4.6658,17-10-2018
4.6683,18-10-2018
4.6665,19-10-2018
4.6665,20-10-2018
4.6665,21-10-2018
4.6669,22-10-2018
4.667,23-10-2018
4.659,24-10-2018
4.6647,25-10-2018
4.6606,26-10-2018
4.6606,27-10-2018
4.6606,28-10-2018
4.6647,29-10-2018
4.667,30-10-2018
4.6643,31-10-2018
4.664,01-11-2018
4.6612,02-11-2018
4.6612,03-11-2018
4.6612,04-11-2018
4.6608,05-11-2018
4.6647,06-11-2018
4.6621,07-11-2018
4.6602,08-11-2018
4.657,09-11-2018
4.657,10-11-2018
4.657,11-11-2018
4.6575,12-11-2018
4.6612,13-11-2018
4.6601,14-11-2018
4.665,15-11-2018
4.6648,16-11-2018
4.6648,17-11-2018
4.6648,18-11-2018
4.6666,19-11-2018
4.6673,20-11-2018
4.6632,21-11-2018
4.6593,22-11-2018
4.6577,23-11-2018
4.6577,24-11-2018
4.6577,25-11-2018
4.6588,26-11-2018
4.6583,27-11-2018
4.659,28-11-2018
4.6531,29-11-2018
4.6598,30-11-2018
4.6598,01-12-2018
4.6598,02-12-2018
4.6539,03-12-2018
4.6514,04-12-2018
4.6528,05-12-2018
4.6548,06-12-2018
4.6485,07-12-2018
4.6485,08-12-2018
4.6485,09-12-2018
4.6502,10-12-2018
4.6557,11-12-2018
4.6571,12-12-2018
4.6515,13-12-2018
4.6558,14-12-2018
4.6558,15-12-2018
4.6558,16-12-2018
4.655,17-12-2018
4.6467,18-12-2018
4.6655,19-12-2018
4.6573,20-12-2018
4.6389,21-12-2018
4.6389,22-12-2018
4.6389,23-12-2018
4.6428,24-12-2018
4.6428,25-12-2018
4.6428,26-12-2018
4.6536,27-12-2018
4.663,28-12-2018
4.663,29-12-2018
4.663,30-12-2018
4.6635,31-12-2018
4.6635,01-01-2019
4.66,02-01-2019
4.666,03-01-2019
4.6656,04-01-2019
4.6656,05-01-2019
4.6656,06-01-2019
4.6625,07-01-2019
4.671,08-01-2019
4.6737,09-01-2019
4.6813,10-01-2019
4.6763,11-01-2019
4.6763,12-01-2019
4.6763,13-01-2019
4.6815,14-01-2019
4.6831,15-01-2019
4.685,16-01-2019
4.689,17-01-2019
4.6993,18-01-2019
4.6993,19-01-2019
4.6993,20-01-2019
4.711,21-01-2019
4.7292,22-01-2019
4.7575,23-01-2019
4.7722,24-01-2019
4.7688,25-01-2019
4.7688,26-01-2019
4.7688,27-01-2019
4.7646,28-01-2019
4.7562,29-01-2019
4.7551,30-01-2019
4.7271,31-01-2019
4.7557,01-02-2019
4.7557,02-02-2019
4.7557,03-02-2019
4.756,04-02-2019
4.7455,05-02-2019
4.7429,06-02-2019
4.7399,07-02-2019
4.7485,08-02-2019
4.7485,09-02-2019
4.7485,10-02-2019
4.7405,11-02-2019
4.7414,12-02-2019
4.7433,13-02-2019
4.7439,14-02-2019
4.7407,15-02-2019
4.7407,16-02-2019
4.7407,17-02-2019
4.7405,18-02-2019
4.7492,19-02-2019
4.7567,20-02-2019
4.7565,21-02-2019
4.7611,22-02-2019
4.7611,23-02-2019
4.7611,24-02-2019
4.7643,25-02-2019
4.7626,26-02-2019
4.7388,27-02-2019
4.7434,28-02-2019
4.7431,01-03-2019
4.7431,02-03-2019
4.7431,03-03-2019
4.7412,04-03-2019
4.7489,05-03-2019
4.7463,06-03-2019
4.7415,07-03-2019
4.7448,08-03-2019
4.7448,09-03-2019
4.7448,10-03-2019
4.7491,11-03-2019
4.7593,12-03-2019
4.7737,13-03-2019
4.765,14-03-2019
4.7565,15-03-2019
4.7565,16-03-2019
4.7565,17-03-2019
4.7543,18-03-2019
4.7585,19-03-2019
4.7615,20-03-2019
4.7565,21-03-2019
4.7505,22-03-2019
4.7505,23-03-2019
4.7505,24-03-2019
4.7553,25-03-2019
4.758,26-03-2019
4.7627,27-03-2019
4.7591,28-03-2019
4.7608,29-03-2019
4.7608,30-03-2019
4.7608,31-03-2019
4.7626,01-04-2019
4.7618,02-04-2019
4.7555,03-04-2019
4.7495,04-04-2019
4.7513,05-04-2019
4.7513,06-04-2019
4.7513,07-04-2019
4.7512,08-04-2019
4.761,09-04-2019
4.7605,10-04-2019
4.7593,11-04-2019
4.7598,12-04-2019
4.7598,13-04-2019
4.7598,14-04-2019
4.7618,15-04-2019
4.7618,16-04-2019
4.7625,17-04-2019
4.7618,18-04-2019
4.7618,19-04-2019
4.7618,20-04-2019
4.7618,21-04-2019
4.7618,22-04-2019
4.7611,23-04-2019
4.7559,24-04-2019
4.7586,25-04-2019
4.7597,26-04-2019
4.7597,27-04-2019
4.7597,28-04-2019
4.7517,29-04-2019
4.7596,30-04-2019
4.7596,01-05-2019
4.7583,02-05-2019
4.7553,03-05-2019
4.7553,04-05-2019
4.7553,05-05-2019
4.7555,06-05-2019
4.758,07-05-2019
4.7598,08-05-2019
4.7615,09-05-2019
4.7598,10-05-2019
4.7598,11-05-2019
4.7598,12-05-2019
4.7606,13-05-2019
4.7615,14-05-2019
4.7615,15-05-2019
4.762,16-05-2019
4.7626,17-05-2019
4.7626,18-05-2019
4.7626,19-05-2019
4.7597,20-05-2019
4.7633,21-05-2019
4.7625,22-05-2019
4.7606,23-05-2019
4.7619,24-05-2019
4.7619,25-05-2019
4.7619,26-05-2019
4.7604,27-05-2019
4.7623,28-05-2019
4.7604,29-05-2019
4.7553,30-05-2019
4.743,31-05-2019
4.743,01-06-2019
4.743,02-06-2019
4.7377,03-06-2019
4.7353,04-06-2019
4.7243,05-06-2019
4.7221,06-06-2019
4.7216,07-06-2019
4.7216,08-06-2019
4.7216,09-06-2019
4.7196,10-06-2019
4.7252,11-06-2019
4.725,12-06-2019
4.7221,13-06-2019
4.7233,14-06-2019
4.7233,15-06-2019
4.7233,16-06-2019
4.728,17-06-2019
4.7232,18-06-2019
4.7275,19-06-2019
4.7262,20-06-2019
4.7239,21-06-2019
4.7239,22-06-2019
4.7239,23-06-2019
4.7181,24-06-2019
4.7184,25-06-2019
4.722,26-06-2019
4.7223,27-06-2019
4.7343,28-06-2019
4.7343,29-06-2019
4.7343,30-06-2019
4.7327,01-07-2019
4.7331,02-07-2019
4.7349,03-07-2019
4.7188,04-07-2019
4.7246,05-07-2019
4.7246,06-07-2019
4.7246,07-07-2019
4.72,08-07-2019
4.7265,09-07-2019
4.7335,10-07-2019
4.734,11-07-2019
4.7322,12-07-2019
4.7322,13-07-2019
4.7322,14-07-2019
4.7333,15-07-2019
4.7316,16-07-2019
4.7336,17-07-2019
4.7325,18-07-2019
4.7309,19-07-2019
4.7309,20-07-2019
4.7309,21-07-2019
4.7225,22-07-2019
4.7207,23-07-2019
4.719,24-07-2019
4.7228,25-07-2019
4.7263,26-07-2019
4.7263,27-07-2019
4.7263,28-07-2019
4.7287,29-07-2019
4.7321,30-07-2019
4.7338,31-07-2019
4.7322,01-08-2019
4.7345,02-08-2019
4.7345,03-08-2019
4.7345,04-08-2019
4.7325,05-08-2019
4.73,06-08-2019
4.7308,07-08-2019
4.73,08-08-2019
4.7264,09-08-2019
4.7264,10-08-2019
4.7264,11-08-2019
4.725,12-08-2019
4.7249,13-08-2019
4.7212,14-08-2019
4.7231,15-08-2019
4.7293,16-08-2019
4.7293,17-08-2019
4.7293,18-08-2019
4.7318,19-08-2019
4.7305,20-08-2019
4.728,21-08-2019
4.7223,22-08-2019
4.7212,23-08-2019
4.7212,24-08-2019
4.7212,25-08-2019
4.7277,26-08-2019
4.732,27-08-2019
4.7273,28-08-2019
4.7271,29-08-2019
4.7284,30-08-2019
4.7284,31-08-2019
4.7284,01-09-2019
4.7239,02-09-2019
4.7292,03-09-2019
4.729,04-09-2019
4.73,05-09-2019
4.7325,06-09-2019
4.7325,07-09-2019
4.7325,08-09-2019
4.7297,09-09-2019
4.7334,10-09-2019
4.7348,11-09-2019
4.7348,12-09-2019
4.7352,13-09-2019
4.7352,14-09-2019
4.7352,15-09-2019
4.7348,16-09-2019
4.734,17-09-2019
4.7366,18-09-2019
4.7448,19-09-2019
4.7456,20-09-2019
4.7456,21-09-2019
4.7456,22-09-2019
4.7498,23-09-2019
4.7484,24-09-2019
4.7438,25-09-2019
4.7481,26-09-2019
4.7515,27-09-2019
4.7515,28-09-2019
4.7515,29-09-2019
4.7496,30-09-2019
4.7511,01-10-2019
4.7491,02-10-2019
4.747,03-10-2019
4.748,04-10-2019
4.748,05-10-2019
4.748,06-10-2019
4.7475,07-10-2019
4.7486,08-10-2019
4.7486,09-10-2019
4.7523,10-10-2019
4.7573,11-10-2019
4.7573,12-10-2019
4.7573,13-10-2019
4.7546,14-10-2019
4.7538,15-10-2019
4.7561,16-10-2019
4.7553,17-10-2019
4.7565,18-10-2019
4.7565,19-10-2019
4.7565,20-10-2019
4.7584,21-10-2019
4.7609,22-10-2019
4.7603,23-10-2019
4.752,24-10-2019
4.7553,25-10-2019
4.7553,26-10-2019
4.7553,27-10-2019
4.7559,28-10-2019
4.7559,29-10-2019
4.7577,30-10-2019
4.756,31-10-2019
4.7547,01-11-2019
4.7547,02-11-2019
4.7547,03-11-2019
4.7542,04-11-2019
4.7583,05-11-2019
4.7627,06-11-2019
4.7602,07-11-2019
4.7638,08-11-2019
4.7638,09-11-2019
4.7638,10-11-2019
4.7643,11-11-2019
4.7625,12-11-2019
4.7633,13-11-2019
4.7673,14-11-2019
4.7686,15-11-2019
4.7686,16-11-2019
4.7686,17-11-2019
4.7744,18-11-2019
4.7763,19-11-2019
4.7803,20-11-2019
4.7813,21-11-2019
4.7741,22-11-2019
4.7741,23-11-2019
4.7741,24-11-2019
4.7723,25-11-2019
4.7766,26-11-2019
4.7841,27-11-2019
4.785,28-11-2019
4.7823,29-11-2019
4.7823,30-11-2019
4.7823,01-12-2019
4.7794,02-12-2019
4.7777,03-12-2019
4.7754,04-12-2019
4.7785,05-12-2019
4.78,06-12-2019
4.78,07-12-2019
4.78,08-12-2019
4.7789,09-12-2019
4.7773,10-12-2019
4.7793,11-12-2019
4.7791,12-12-2019
4.7795,13-12-2019
4.7795,14-12-2019
4.7795,15-12-2019
4.7791,16-12-2019
4.7771,17-12-2019
4.776,18-12-2019
4.771,19-12-2019
4.7705,20-12-2019
4.7705,21-12-2019
4.7705,22-12-2019
4.7733,23-12-2019
4.779,24-12-2019
4.779,25-12-2019
4.779,26-12-2019
4.7818,27-12-2019
4.7818,28-12-2019
4.7818,29-12-2019
4.7821,30-12-2019
4.783,31-12-2019
4.783,01-01-2020
4.7828,02-01-2020
4.7784,03-01-2020
4.7784,04-01-2020
4.7784,05-01-2020
4.7743,06-01-2020
4.7778,07-01-2020
4.7774,08-01-2020
4.7785,09-01-2020
4.7796,10-01-2020
4.7796,11-01-2020
4.7796,12-01-2020
4.7784,13-01-2020
4.7795,14-01-2020
4.7803,15-01-2020
4.779,16-01-2020
4.7803,17-01-2020
4.7803,18-01-2020
4.7803,19-01-2020
4.7794,20-01-2020
4.7785,21-01-2020
4.7784,22-01-2020
4.7788,23-01-2020
4.7799,24-01-2020
4.7799,25-01-2020
4.7799,26-01-2020
4.7808,27-01-2020
4.7784,28-01-2020
4.777,29-01-2020
4.777,30-01-2020
4.7789,31-01-2020
4.7789,01-02-2020
4.7789,02-02-2020
4.7788,03-02-2020
4.7763,04-02-2020
4.7734,05-02-2020
4.7655,06-02-2020
4.7613,07-02-2020
4.7613,08-02-2020
4.7613,09-02-2020
4.7663,10-02-2020
4.7693,11-02-2020
4.7663,12-02-2020
4.7645,13-02-2020
4.7684,14-02-2020
4.7684,15-02-2020
4.7684,16-02-2020
4.7768,17-02-2020
4.7823,18-02-2020
4.7792,19-02-2020
4.7979,20-02-2020
4.804,21-02-2020
4.804,22-02-2020
4.804,23-02-2020
4.8063,24-02-2020
4.8098,25-02-2020
4.805,26-02-2020
4.81,27-02-2020
4.813,28-02-2020
4.813,29-02-2020
4.813,01-03-2020
4.8106,02-03-2020
4.8087,03-03-2020
4.8073,04-03-2020
4.811,05-03-2020
4.811,06-03-2020
4.811,07-03-2020
4.811,08-03-2020
4.8175,09-03-2020
4.8178,10-03-2020
4.8213,11-03-2020
4.8213,12-03-2020
4.8213,13-03-2020
4.8213,14-03-2020
4.8213,15-03-2020
4.8343,16-03-2020
4.8418,17-03-2020
4.845,18-03-2020
4.8445,19-03-2020
4.8505,20-03-2020
4.8505,21-03-2020
4.8505,22-03-2020
4.8481,23-03-2020
4.8357,24-03-2020
4.8446,25-03-2020
4.8335,26-03-2020
4.8375,27-03-2020
4.8375,28-03-2020
4.8375,29-03-2020
4.8278,30-03-2020
4.8283,31-03-2020
4.834,01-04-2020
4.832,02-04-2020
4.8307,03-04-2020
4.8307,04-04-2020
4.8307,05-04-2020
4.8335,06-04-2020
4.8315,07-04-2020
4.8365,08-04-2020
4.833,09-04-2020
4.833,10-04-2020
4.833,11-04-2020
4.833,12-04-2020
4.833,13-04-2020
4.8343,14-04-2020
4.8378,15-04-2020
4.8373,16-04-2020
4.8356,17-04-2020
4.8356,18-04-2020
4.8356,19-04-2020
4.8377,20-04-2020
4.8373,21-04-2020
4.8391,22-04-2020
4.8425,23-04-2020
4.8419,24-04-2020
4.8419,25-04-2020
4.8419,26-04-2020
4.837,27-04-2020
4.8445,28-04-2020
4.8435,29-04-2020
4.8431,30-04-2020
4.8431,01-05-2020
4.8431,02-05-2020
4.8431,03-05-2020
4.8368,04-05-2020
4.826,05-05-2020
4.8233,06-05-2020
4.8235,07-05-2020
4.828,08-05-2020
4.828,09-05-2020
4.828,10-05-2020
4.8303,11-05-2020
4.8301,12-05-2020
4.8353,13-05-2020
4.8375,14-05-2020
4.84,15-05-2020
4.84,16-05-2020
4.84,17-05-2020
4.8388,18-05-2020
4.8428,19-05-2020
4.842,20-05-2020
4.8423,21-05-2020
4.8435,22-05-2020
4.8435,23-05-2020
4.8435,24-05-2020
4.842,25-05-2020
4.844,26-05-2020
4.8433,27-05-2020
4.8435,28-05-2020
4.8493,29-05-2020
4.8493,30-05-2020
4.8493,31-05-2020
4.8437,01-06-2020
4.8423,02-06-2020
4.8393,03-06-2020
4.8373,04-06-2020
4.8382,05-06-2020
4.8382,06-06-2020
4.8382,07-06-2020
4.8359,08-06-2020
4.8365,09-06-2020
4.8349,10-06-2020
4.8345,11-06-2020
4.8343,12-06-2020
4.8343,13-06-2020
4.8343,14-06-2020
4.8335,15-06-2020
4.8359,16-06-2020
4.8355,17-06-2020
4.8393,18-06-2020
4.8428,19-06-2020
4.8428,20-06-2020
4.8428,21-06-2020
4.8422,22-06-2020
4.8438,23-06-2020
4.8433,24-06-2020
4.842,25-06-2020
4.8426,26-06-2020
4.8426,27-06-2020
4.8426,28-06-2020
4.844,29-06-2020
4.8397,30-06-2020
4.8366,01-07-2020
4.8355,02-07-2020
4.837,03-07-2020
4.837,04-07-2020
4.837,05-07-2020
4.8375,06-07-2020
4.8393,07-07-2020
4.8408,08-07-2020
4.8408,09-07-2020
4.8428,10-07-2020
4.8428,11-07-2020
4.8428,12-07-2020
4.8443,13-07-2020
4.8435,14-07-2020
4.8439,15-07-2020
4.8433,16-07-2020
4.8422,17-07-2020
4.8422,18-07-2020
4.8422,19-07-2020
4.8418,20-07-2020
4.8392,21-07-2020
4.8413,22-07-2020
4.8355,23-07-2020
4.8325,24-07-2020
4.8325,25-07-2020
4.8325,26-07-2020
4.8303,27-07-2020
4.8355,28-07-2020
4.8345,29-07-2020
4.8318,30-07-2020
4.8315,31-07-2020
4.8315,01-08-2020
4.8315,02-08-2020
4.8355,03-08-2020
4.8358,04-08-2020
4.8345,05-08-2020
4.836,06-08-2020
4.8374,07-08-2020
4.8374,08-08-2020
4.8374,09-08-2020
4.836,10-08-2020
4.8355,11-08-2020
4.8356,12-08-2020
4.8348,13-08-2020
4.836,14-08-2020
4.836,15-08-2020
4.836,16-08-2020
4.8343,17-08-2020
4.8355,18-08-2020
4.8403,19-08-2020
4.8391,20-08-2020
4.8405,21-08-2020
4.8405,22-08-2020
4.8405,23-08-2020
4.84,24-08-2020
4.8403,25-08-2020
4.8419,26-08-2020
4.8415,27-08-2020
4.8395,28-08-2020
4.8395,29-08-2020
4.8395,30-08-2020
4.8398,31-08-2020
4.8398,01-09-2020
4.8423,02-09-2020
4.8473,03-09-2020
4.8528,04-09-2020
4.8528,05-09-2020
4.8528,06-09-2020
4.8555,07-09-2020
4.8595,08-09-2020
4.8588,09-09-2020
4.8579,10-09-2020
4.8584,11-09-2020
4.8584,12-09-2020
4.8584,13-09-2020
4.858,14-09-2020
4.8578,15-09-2020
4.859,16-09-2020
4.86,17-09-2020
4.858,18-09-2020
4.858,19-09-2020
4.858,20-09-2020
4.86,21-09-2020
4.8613,22-09-2020
4.8686,23-09-2020
4.8755,24-09-2020
4.8753,25-09-2020
4.8753,26-09-2020
4.8753,27-09-2020
4.8743,28-09-2020
4.8721,29-09-2020
4.8725,30-09-2020
4.874,01-10-2020
4.8715,02-10-2020
4.8715,03-10-2020
4.8715,04-10-2020
4.874,05-10-2020
4.876,06-10-2020
4.8748,07-10-2020
4.8758,08-10-2020
4.8715,09-10-2020
4.8715,10-10-2020
4.8715,11-10-2020
4.8727,12-10-2020
4.875,13-10-2020
4.8738,14-10-2020
4.8765,15-10-2020
4.8763,16-10-2020
4.8763,17-10-2020
4.8763,18-10-2020
4.8768,19-10-2020
4.8761,20-10-2020
4.8758,21-10-2020
4.874,22-10-2020
4.874,23-10-2020
4.874,24-10-2020
4.874,25-10-2020
